application_id,application_date,requested_amount,state_code,zip_code,purpose,decision
68407277,2015-12-01,3600.0,PA,190xx,debt_consolidation,accepted
68355089,2015-12-01,24700.0,SD,577xx,small_business,accepted
68341763,2015-12-01,20000.0,IL,605xx,home_improvement,accepted
66310712,2015-12-01,35000.0,NJ,076xx,debt_consolidation,accepted
68476807,2015-12-01,10400.0,PA,174xx,major_purchase,accepted
68426831,2015-12-01,11950.0,GA,300xx,debt_consolidation,accepted
68476668,2015-12-01,20000.0,MN,550xx,debt_consolidation,accepted
67275481,2015-12-01,20000.0,SC,293xx,major_purchase,accepted
68466926,2015-12-01,10000.0,PA,160xx,credit_card,accepted
68616873,2015-12-01,8000.0,RI,029xx,credit_card,accepted
68356421,2015-12-01,22400.0,SC,290xx,debt_consolidation,accepted
68426545,2015-12-01,16000.0,TX,786xx,debt_consolidation,accepted
68338832,2015-12-01,1400.0,NC,275xx,other,accepted
66624733,2015-12-01,18000.0,CA,916xx,debt_consolidation,accepted
68466961,2015-12-01,28000.0,NC,275xx,debt_consolidation,accepted
68354783,2015-12-01,9600.0,SC,299xx,credit_card,accepted
68466916,2015-12-01,25000.0,VA,226xx,debt_consolidation,accepted
68577849,2015-12-01,18000.0,AZ,856xx,debt_consolidation,accepted
68506798,2015-12-01,23000.0,NY,117xx,credit_card,accepted
68495092,2015-12-01,8650.0,IN,462xx,debt_consolidation,accepted
68566886,2015-12-01,29900.0,MD,219xx,debt_consolidation,accepted
68009401,2015-12-01,16000.0,SC,297xx,credit_card,accepted
68476702,2015-12-01,28000.0,NY,100xx,debt_consolidation,accepted
68436666,2015-12-01,5000.0,MD,214xx,credit_card,accepted
68476715,2015-12-01,6000.0,TX,750xx,debt_consolidation,accepted
67849662,2015-12-01,4225.0,KS,672xx,debt_consolidation,accepted
68596180,2015-12-01,20000.0,NY,125xx,debt_consolidation,accepted
68526907,2015-12-01,16000.0,NM,880xx,debt_consolidation,accepted
68607141,2015-12-01,17600.0,KS,672xx,credit_card,accepted
68526883,2015-12-01,15000.0,VA,238xx,home_improvement,accepted
67715283,2015-12-01,16000.0,AL,354xx,small_business,accepted
68341789,2015-12-01,24250.0,NY,114xx,debt_consolidation,accepted
68533595,2015-12-01,12000.0,WA,993xx,debt_consolidation,accepted
68415473,2015-12-01,25000.0,MD,212xx,debt_consolidation,accepted
68537655,2015-12-01,16800.0,MO,636xx,debt_consolidation,accepted
68446769,2015-12-01,7000.0,MD,215xx,credit_card,accepted
68367011,2015-12-01,21000.0,OH,441xx,credit_card,accepted
68407301,2015-12-01,27500.0,LA,710xx,other,accepted
68356614,2015-12-01,7200.0,GA,300xx,home_improvement,accepted
68426865,2015-12-01,20000.0,IL,606xx,credit_card,accepted
68476676,2015-12-01,20000.0,FL,331xx,house,accepted
68566951,2015-12-01,10000.0,CO,802xx,credit_card,accepted
68615044,2015-12-01,16000.0,CA,945xx,debt_consolidation,accepted
68527009,2015-12-01,20000.0,WA,984xx,debt_consolidation,accepted
68547583,2015-12-01,8650.0,IN,462xx,credit_card,accepted
68587709,2015-12-01,21000.0,TX,761xx,debt_consolidation,accepted
68446771,2015-12-01,7200.0,NY,142xx,debt_consolidation,accepted
66796130,2015-12-01,8800.0,MI,493xx,credit_card,accepted
68617034,2015-12-01,14650.0,OH,430xx,debt_consolidation,accepted
68387134,2015-12-01,2500.0,FL,330xx,other,accepted
68566925,2015-12-01,11000.0,OH,441xx,credit_card,accepted
68516838,2015-12-01,23850.0,VA,231xx,debt_consolidation,accepted
68476697,2015-12-01,15700.0,LA,707xx,credit_card,accepted
68566856,2015-12-01,28800.0,FL,331xx,debt_consolidation,accepted
68543413,2015-12-01,10000.0,MO,644xx,house,accepted
68366663,2015-12-01,24000.0,TN,376xx,home_improvement,accepted
68416916,2015-12-01,28000.0,IN,471xx,debt_consolidation,accepted
68444620,2015-12-01,35000.0,DC,200xx,home_improvement,accepted
68082535,2015-12-01,7200.0,MA,015xx,debt_consolidation,accepted
68466995,2015-12-01,10000.0,OH,453xx,credit_card,accepted
68584507,2015-12-01,16000.0,MA,019xx,credit_card,accepted
68466924,2015-12-01,21875.0,FL,347xx,credit_card,accepted
68367009,2015-12-01,14025.0,WI,546xx,debt_consolidation,accepted
68475450,2015-12-01,35000.0,AL,351xx,debt_consolidation,accepted
68525943,2015-12-01,20000.0,RI,029xx,debt_consolidation,accepted
68340446,2015-12-01,14000.0,AZ,852xx,debt_consolidation,accepted
68615169,2015-12-01,16000.0,CA,936xx,credit_card,accepted
68397043,2015-12-01,28000.0,GA,300xx,debt_consolidation,accepted
68506862,2015-12-01,20000.0,MD,210xx,debt_consolidation,accepted
68341799,2015-12-01,17600.0,FL,322xx,credit_card,accepted
68487261,2015-12-01,4200.0,NY,134xx,debt_consolidation,accepted
68597047,2015-12-01,19000.0,NY,112xx,credit_card,accepted
68366999,2015-12-01,15850.0,OH,440xx,debt_consolidation,accepted
68506885,2015-12-01,10000.0,IN,460xx,debt_consolidation,accepted
68394562,2015-12-01,30000.0,OH,430xx,home_improvement,accepted
68416953,2015-12-01,1500.0,HI,967xx,vacation,accepted
68587652,2015-12-01,25000.0,VT,054xx,credit_card,accepted
68407333,2015-12-01,16250.0,NY,128xx,debt_consolidation,accepted
68466066,2015-12-01,20200.0,CA,958xx,debt_consolidation,accepted
68436934,2015-12-01,23975.0,VA,220xx,credit_card,accepted
68617057,2015-12-01,15000.0,AL,350xx,debt_consolidation,accepted
68536799,2015-12-01,10000.0,IN,472xx,debt_consolidation,accepted
68357012,2015-12-01,15000.0,NJ,085xx,credit_card,accepted
68376217,2015-12-01,23100.0,DE,197xx,car,accepted
68526942,2015-12-01,27300.0,NY,117xx,home_improvement,accepted
68396080,2015-12-01,25000.0,TX,774xx,credit_card,accepted
68385794,2015-12-01,15000.0,TX,787xx,credit_card,accepted
68374676,2015-12-01,10000.0,OH,447xx,debt_consolidation,accepted
68547679,2015-12-01,18500.0,TX,752xx,debt_consolidation,accepted
68537594,2015-12-01,5000.0,OH,434xx,credit_card,accepted
68565856,2015-12-01,9000.0,KS,670xx,debt_consolidation,accepted
68367006,2015-12-01,11000.0,MA,016xx,credit_card,accepted
68426699,2015-12-01,20000.0,TN,381xx,debt_consolidation,accepted
68377020,2015-12-01,15000.0,VA,236xx,debt_consolidation,accepted
68446746,2015-12-01,12000.0,AZ,850xx,debt_consolidation,accepted
68537564,2015-12-01,8000.0,MI,482xx,debt_consolidation,accepted
68446784,2015-12-01,12000.0,NJ,070xx,credit_card,accepted
68376533,2015-12-01,18000.0,NH,030xx,debt_consolidation,accepted
68476714,2015-12-01,3600.0,VA,220xx,debt_consolidation,accepted
66615254,2015-12-01,7200.0,MA,023xx,debt_consolidation,accepted
