application_month,state_code,decision,application_count,requested_amount,amount_known_count
2007-05-01,AL,rejected,1,1000.0,1
2007-05-01,CA,rejected,2,13000.0,2
2007-05-01,CO,rejected,1,3000.0,1
2007-05-01,CT,rejected,1,10000.0,1
2007-05-01,FL,rejected,1,25000.0,1
2007-05-01,GA,rejected,1,7500.0,1
2007-05-01,IN,rejected,4,21900.0,4
2007-05-01,KY,rejected,2,3500.0,2
2007-05-01,LA,rejected,1,3900.0,1
2007-05-01,MA,rejected,4,17000.0,4
2007-05-01,MD,rejected,5,28500.0,5
2007-05-01,MN,rejected,3,22000.0,3
2007-05-01,MO,rejected,3,31000.0,3
2007-05-01,NE,rejected,1,1000.0,1
2007-05-01,NM,rejected,1,1000.0,1
2007-05-01,NY,rejected,1,15000.0,1
2007-05-01,OH,rejected,6,47100.0,6
2007-05-01,PA,rejected,2,4500.0,2
2007-05-01,TN,rejected,2,9000.0,2
2007-05-01,TX,rejected,5,48500.0,5
2007-05-01,VA,rejected,2,14950.0,2
2007-06-01,AK,rejected,2,34500.0,2
2007-06-01,AL,rejected,6,34500.0,6
2007-06-01,AR,rejected,5,28200.0,5
2007-06-01,AZ,rejected,2,33000.0,2
2007-06-01,CA,rejected,2,12000.0,2
2007-06-01,CO,accepted,1,2600.0,1
2007-06-01,CO,rejected,15,83000.0,15
2007-06-01,CT,accepted,4,28000.0,4
2007-06-01,CT,rejected,1,1000.0,1
2007-06-01,DE,rejected,1,22000.0,1
2007-06-01,FL,accepted,1,2000.0,1
2007-06-01,FL,rejected,19,193600.0,19
2007-06-01,GA,accepted,1,6450.0,1
2007-06-01,GA,rejected,14,82700.0,14
2007-06-01,HI,rejected,1,2500.0,1
2007-06-01,IA,rejected,1,7000.0,1
2007-06-01,IL,rejected,2,23200.0,2
2007-06-01,IN,rejected,10,52000.0,10
2007-06-01,KS,accepted,1,3000.0,1
2007-06-01,KS,rejected,8,36500.0,8
2007-06-01,KY,rejected,2,9000.0,2
2007-06-01,LA,accepted,1,5000.0,1
2007-06-01,LA,rejected,3,7000.0,3
2007-06-01,MA,accepted,4,12775.0,4
2007-06-01,MA,rejected,11,113500.0,11
2007-06-01,MD,rejected,12,83600.0,12
2007-06-01,ME,rejected,1,9000.0,1
2007-06-01,MI,rejected,3,30000.0,3
2007-06-01,MN,rejected,8,49500.0,8
2007-06-01,MO,accepted,1,1400.0,1
2007-06-01,MO,rejected,10,41000.0,10
2007-06-01,MS,rejected,2,4000.0,2
2007-06-01,NC,rejected,13,104800.0,13
2007-06-01,NH,rejected,1,1500.0,1
2007-06-01,NJ,accepted,4,13400.0,4
2007-06-01,NJ,rejected,10,49300.0,10
2007-06-01,NM,rejected,1,20000.0,1
2007-06-01,NY,accepted,4,13525.0,4
2007-06-01,NY,rejected,33,216600.0,33
2007-06-01,OH,accepted,1,2500.0,1
2007-06-01,OH,rejected,15,75200.0,15
2007-06-01,OK,rejected,1,8500.0,1
2007-06-01,OR,rejected,1,11000.0,1
2007-06-01,PA,rejected,7,52750.0,7
2007-06-01,SC,rejected,5,37000.0,5
2007-06-01,TN,rejected,5,22500.0,5
2007-06-01,TX,accepted,1,1200.0,1
2007-06-01,TX,rejected,17,113500.0,17
2007-06-01,UT,rejected,5,59000.0,5
2007-06-01,VA,rejected,11,81200.0,11
2007-06-01,VT,rejected,2,21000.0,2
2007-06-01,WA,rejected,10,93500.0,10
2007-06-01,WI,rejected,8,42150.0,8
2007-06-01,WV,rejected,3,8000.0,3
2007-07-01,AK,rejected,3,30500.0,3
2007-07-01,AL,rejected,4,39000.0,4
2007-07-01,AR,rejected,1,1000.0,1
2007-07-01,AZ,rejected,1,3750.0,1
2007-07-01,CA,rejected,5,39625.0,5
2007-07-01,CO,accepted,3,17500.0,3
2007-07-01,CO,rejected,6,33925.0,6
2007-07-01,CT,accepted,1,2000.0,1
2007-07-01,CT,rejected,3,13000.0,3
2007-07-01,DC,rejected,3,18000.0,3
2007-07-01,DE,rejected,1,600.0,1
2007-07-01,FL,accepted,11,74550.0,11
2007-07-01,FL,rejected,36,261050.0,36
2007-07-01,GA,accepted,7,40100.0,7
2007-07-01,GA,rejected,13,91300.0,13
2007-07-01,IN,accepted,4,14000.0,4
2007-07-01,IN,rejected,12,64000.0,12
2007-07-01,KS,rejected,2,11300.0,2
2007-07-01,KY,rejected,4,56000.0,4
2007-07-01,LA,rejected,5,44000.0,5
2007-07-01,MA,accepted,10,37900.0,10
2007-07-01,MA,rejected,10,64125.0,10
2007-07-01,MD,accepted,2,9200.0,2
2007-07-01,MD,rejected,7,33775.0,7
2007-07-01,ME,accepted,1,1200.0,1
