loan_id,emp_title,emp_length,emp_length_years,home_ownership,annual_inc,verification_status,addr_state,state_code,zip_code,country,annual_inc_joint,verification_status_joint
68407277,leadman,10+ years,10.0,MORTGAGE,55000.0,Not Verified,PA,PA,190xx,United States,,
68355089,Engineer,10+ years,10.0,MORTGAGE,65000.0,Not Verified,SD,SD,577xx,United States,,
68341763,truck driver,10+ years,10.0,MORTGAGE,63000.0,Not Verified,IL,IL,605xx,United States,71000.0,Not Verified
66310712,Information Systems Officer,10+ years,10.0,MORTGAGE,110000.0,Source Verified,NJ,NJ,076xx,United States,,
68476807,Contract Specialist,3 years,3.0,MORTGAGE,104433.0,Source Verified,PA,PA,174xx,United States,,
68426831,Veterinary Tecnician,4 years,4.0,RENT,34000.0,Source Verified,GA,GA,300xx,United States,,
68476668,Vice President of Recruiting Operations,10+ years,10.0,MORTGAGE,180000.0,Not Verified,MN,MN,550xx,United States,,
67275481,road driver,10+ years,10.0,MORTGAGE,85000.0,Not Verified,SC,SC,293xx,United States,,
68466926,SERVICE MANAGER,6 years,6.0,RENT,85000.0,Not Verified,PA,PA,160xx,United States,,
68616873,Vendor liaison,10+ years,10.0,MORTGAGE,42000.0,Not Verified,RI,RI,029xx,United States,,
68356421,Executive Director,6 years,6.0,MORTGAGE,95000.0,Not Verified,SC,SC,290xx,United States,,
68426545,Senior Structural Designer,1 year,1.0,MORTGAGE,70000.0,Not Verified,TX,TX,786xx,United States,,
68338832,Logistics Manager,3 years,3.0,MORTGAGE,64000.0,Not Verified,NC,NC,275xx,United States,,
66624733,Software Manager,7 years,7.0,RENT,150000.0,Not Verified,CA,CA,916xx,United States,,
68466961,Senior Manager,10+ years,10.0,MORTGAGE,92000.0,Not Verified,NC,NC,275xx,United States,,
68354783,tech,8 years,8.0,MORTGAGE,60000.0,Not Verified,SC,SC,299xx,United States,,
68466916,Sales Manager,10+ years,10.0,MORTGAGE,109000.0,Not Verified,VA,VA,226xx,United States,,
68577849,GS-11,10+ years,10.0,MORTGAGE,112000.0,Not Verified,AZ,AZ,856xx,United States,,
68506798,Teacher,5 years,5.0,RENT,64000.0,Not Verified,NY,NY,117xx,United States,,
68495092,Program Coordinator,8 years,8.0,RENT,55000.0,Verified,IN,IN,462xx,United States,,
68566886,Corporate Insurance,10+ years,10.0,MORTGAGE,65000.0,Verified,MD,MD,219xx,United States,,
68009401,Bookkeeper/Accounting,10+ years,10.0,MORTGAGE,48000.0,Not Verified,SC,SC,297xx,United States,,
68476702,Director of Product Development,2 years,2.0,OWN,125000.0,Source Verified,NY,NY,100xx,United States,,
68436666,General Manager,2 years,2.0,RENT,79000.0,Verified,MD,MD,214xx,United States,,
68476715,Analyst,10+ years,10.0,MORTGAGE,100000.0,Not Verified,TX,TX,750xx,United States,,
67849662,mechanic,5 years,5.0,RENT,35000.0,Source Verified,KS,KS,672xx,United States,,
68596180,driver,9 years,9.0,OWN,65000.0,Not Verified,NY,NY,125xx,United States,,
68526907,Professional Sales Associate,< 1 year,0.5,MORTGAGE,109000.0,Source Verified,NM,NM,880xx,United States,,
68607141,Network Security Specialist III,< 1 year,0.5,MORTGAGE,88000.0,Source Verified,KS,KS,672xx,United States,,
68526883,DEPUTY SHERIFF,10+ years,10.0,MORTGAGE,44000.0,Source Verified,VA,VA,238xx,United States,,
67715283,"Owner, Fee Appraiser",10+ years,10.0,MORTGAGE,65000.0,Not Verified,AL,AL,354xx,United States,,
68341789,hvac technician,4 years,4.0,MORTGAGE,75000.0,Not Verified,NY,NY,114xx,United States,,
68533595,Public Affairs Specialist,1 year,1.0,RENT,98000.0,Not Verified,WA,WA,993xx,United States,,
68415473,Executive Assistant,9 years,9.0,MORTGAGE,79000.0,Not Verified,MD,MD,212xx,United States,,
68537655,CEO,10+ years,10.0,MORTGAGE,118000.0,Not Verified,MO,MO,636xx,United States,,
68446769,Carrier,10+ years,10.0,MORTGAGE,59000.0,Not Verified,MD,MD,215xx,United States,,
68367011,Resident physician,< 1 year,0.5,RENT,52000.0,Source Verified,OH,OH,441xx,United States,,
68407301,Manager,10+ years,10.0,MORTGAGE,195000.0,Not Verified,LA,LA,710xx,United States,,
68356614,Legal Administrative Assistant,10+ years,10.0,MORTGAGE,72500.0,Verified,GA,GA,300xx,United States,,
68426865,GM,6 years,6.0,RENT,110000.0,Not Verified,IL,IL,606xx,United States,,
68476676,Clinical Intake,5 years,5.0,RENT,70000.0,Not Verified,FL,FL,331xx,United States,,
68566951,Educator,2 years,2.0,MORTGAGE,55000.0,Not Verified,CO,CO,802xx,United States,,
68615044,Registered Nurse,9 years,9.0,MORTGAGE,142000.0,Verified,CA,CA,945xx,United States,,
68527009,Manager,5 years,5.0,RENT,75000.0,Not Verified,WA,WA,984xx,United States,,
68547583,Associate Consultant,< 1 year,0.5,MORTGAGE,100000.0,Not Verified,IN,IN,462xx,United States,,
68587709,Teacher,2 years,2.0,RENT,54649.0,Source Verified,TX,TX,761xx,United States,,
68446771,Bank Officer Senior Customer Care Spec.,< 1 year,0.5,RENT,55000.0,Not Verified,NY,NY,142xx,United States,,
66796130,Sales Representative/ Agent,10+ years,10.0,MORTGAGE,92000.0,Source Verified,MI,MI,493xx,United States,,
68617034,Senior Service Specialist,2 years,2.0,RENT,43160.0,Verified,OH,OH,430xx,United States,,
68387134,Teacher,10+ years,10.0,MORTGAGE,50000.0,Verified,FL,FL,330xx,United States,,
68566925,PRINTER,10+ years,10.0,MORTGAGE,69000.0,Not Verified,OH,OH,441xx,United States,,
68516838,Teacher,10+ years,10.0,OWN,68046.0,Not Verified,VA,VA,231xx,United States,,
68476697,Teacher,6 years,6.0,MORTGAGE,48000.0,Not Verified,LA,LA,707xx,United States,,
68566856,Office Manager,10+ years,10.0,OWN,60000.0,Not Verified,FL,FL,331xx,United States,,
68543413,Contract Specialist,4 years,4.0,MORTGAGE,91392.0,Not Verified,MO,MO,644xx,United States,,
68366663,,,,OWN,77900.0,Not Verified,TN,TN,376xx,United States,,
68416916,Engineer,10+ years,10.0,MORTGAGE,75000.0,Verified,IN,IN,471xx,United States,,
68444620,Foreign Service Officer,10+ years,10.0,MORTGAGE,128000.0,Source Verified,DC,DC,200xx,United States,,
68082535,Site lead,10+ years,10.0,MORTGAGE,50000.0,Not Verified,MA,MA,015xx,United States,,
68466995,Teacher,2 years,2.0,RENT,40100.0,Not Verified,OH,OH,453xx,United States,,
68584507,Merchandise Manager,1 year,1.0,RENT,42000.0,Not Verified,MA,MA,019xx,United States,,
68466924,Wire Technician,< 1 year,0.5,RENT,47590.0,Source Verified,FL,FL,347xx,United States,,
68367009,accts payable,10+ years,10.0,MORTGAGE,39000.0,Verified,WI,WI,546xx,United States,,
68475450,Lieutenant,7 years,7.0,MORTGAGE,106000.0,Source Verified,AL,AL,351xx,United States,,
68525943,President,10+ years,10.0,MORTGAGE,145000.0,Not Verified,RI,RI,029xx,United States,,
68340446,Accountant,2 years,2.0,MORTGAGE,60000.0,Not Verified,AZ,AZ,852xx,United States,,
68615169,Supervisor,5 years,5.0,MORTGAGE,62000.0,Source Verified,CA,CA,936xx,United States,,
68397043,Division General Manager,2 years,2.0,MORTGAGE,85000.0,Not Verified,GA,GA,300xx,United States,,
68506862,Facilities Coordinator,10+ years,10.0,OWN,70000.0,Source Verified,MD,MD,210xx,United States,,
68341799,RN,< 1 year,0.5,RENT,44000.0,Verified,FL,FL,322xx,United States,,
68487261,Manager,10+ years,10.0,MORTGAGE,102500.0,Not Verified,NY,NY,134xx,United States,,
68597047,Application Analyst,9 years,9.0,OWN,75000.0,Not Verified,NY,NY,112xx,United States,,
68366999,Lead manufacturing,10+ years,10.0,OWN,45000.0,Not Verified,OH,OH,440xx,United States,,
68506885,CARDIOVASCULAR TECH,10+ years,10.0,RENT,42500.0,Not Verified,IN,IN,460xx,United States,,
68394562,Vice-President,2 years,2.0,MORTGAGE,175000.0,Not Verified,OH,OH,430xx,United States,,
68416953,,,,MORTGAGE,45000.0,Not Verified,HI,HI,967xx,United States,,
68587652,Director,1 year,1.0,MORTGAGE,150000.0,Not Verified,VT,VT,054xx,United States,,
68407333,Radiology Tech.,2 years,2.0,MORTGAGE,50000.0,Not Verified,NY,NY,128xx,United States,,
68466066,Manager,4 years,4.0,RENT,60000.0,Source Verified,CA,CA,958xx,United States,,
68436934,Principal,10+ years,10.0,RENT,70000.0,Not Verified,VA,VA,220xx,United States,,
68617057,Senior Buyer,10+ years,10.0,MORTGAGE,65000.0,Not Verified,AL,AL,350xx,United States,,
68536799,Lpn,3 years,3.0,MORTGAGE,41600.0,Not Verified,IN,IN,472xx,United States,,
68357012,Senior Associate,6 years,6.0,MORTGAGE,110000.0,Not Verified,NJ,NJ,085xx,United States,,
68376217,Regional Sales Direcdtor,2 years,2.0,OWN,110000.0,Not Verified,DE,DE,197xx,United States,,
68526942,groundsman,10+ years,10.0,MORTGAGE,65000.0,Not Verified,NY,NY,117xx,United States,,
68396080,Project Manager,10+ years,10.0,MORTGAGE,135000.0,Not Verified,TX,TX,774xx,United States,,
68385794,Coaching General Manager,1 year,1.0,RENT,40000.0,Verified,TX,TX,787xx,United States,,
68374676,Emergency Department technician,< 1 year,0.5,RENT,30000.0,Source Verified,OH,OH,447xx,United States,,
68547679,Supply Chain Coord.,10+ years,10.0,MORTGAGE,70000.0,Source Verified,TX,TX,752xx,United States,,
68537594,Property Manager,6 years,6.0,RENT,32000.0,Source Verified,OH,OH,434xx,United States,,
68565856,Truck Driver,1 year,1.0,OWN,50000.0,Not Verified,KS,KS,670xx,United States,,
68367006,material handler lead,10+ years,10.0,MORTGAGE,85000.0,Not Verified,MA,MA,016xx,United States,,
68426699,"TEAM LEAD, QUALITY ENGINEER",6 years,6.0,MORTGAGE,55000.0,Not Verified,TN,TN,381xx,United States,,
68377020,,,,RENT,80000.0,Not Verified,VA,VA,236xx,United States,,
68446746,Network Operation Engineer,4 years,4.0,MORTGAGE,53750.0,Source Verified,AZ,AZ,850xx,United States,,
68537564,Counselor,< 1 year,0.5,MORTGAGE,45000.0,Not Verified,MI,MI,482xx,United States,,
68446784,Salesman,3 years,3.0,RENT,40000.0,Not Verified,NJ,NJ,070xx,United States,,
68376533,Systems Support Engineer,5 years,5.0,MORTGAGE,75000.0,Not Verified,NH,NH,030xx,United States,,
68476714,Systems Administrator,< 1 year,0.5,MORTGAGE,85000.0,Source Verified,VA,VA,220xx,United States,,
66615254,Department Manager,9 years,9.0,OWN,20000.0,Verified,MA,MA,023xx,United States,,
