loan_id,dti,dti_joint,delinq_2yrs,earliest_cr_line,fico_range_low,fico_range_high,inq_last_6mths,mths_since_last_delinq,mths_since_last_record,open_acc,pub_rec,revol_bal,revol_util,total_acc,collections_12_mths_ex_med,mths_since_last_major_derog,acc_now_delinq,tot_coll_amt,tot_cur_bal,open_acc_6m,open_act_il,open_il_12m,open_il_24m,mths_since_rcnt_il,total_bal_il,il_util,open_rv_12m,open_rv_24m,max_bal_bc,all_util,total_rev_hi_lim,inq_fi,total_cu_tl,inq_last_12m,acc_open_past_24mths,avg_cur_bal,bc_open_to_buy,bc_util,chargeoff_within_12_mths,delinq_amnt,mo_sin_old_il_acct,mo_sin_old_rev_tl_op,mo_sin_rcnt_rev_tl_op,mo_sin_rcnt_tl,mort_acc,mths_since_recent_bc,mths_since_recent_bc_dlq,mths_since_recent_inq,mths_since_recent_revol_delinq,num_accts_ever_120_pd,num_actv_bc_tl,num_actv_rev_tl,num_bc_sats,num_bc_tl,num_il_tl,num_op_rev_tl,num_rev_accts,num_rev_tl_bal_gt_0,num_sats,num_tl_120dpd_2m,num_tl_30dpd,num_tl_90g_dpd_24m,num_tl_op_past_12m,pct_tl_nvr_dlq,percent_bc_gt_75,pub_rec_bankruptcies,tax_liens,tot_hi_cred_lim,total_bal_ex_mort,total_bc_limit,total_il_high_credit_limit,revol_bal_joint,sec_app_fico_range_low,sec_app_fico_range_high,sec_app_earliest_cr_line,sec_app_inq_last_6mths,sec_app_mort_acc,sec_app_open_acc,sec_app_revol_util,sec_app_open_act_il,sec_app_num_rev_accts,sec_app_chargeoff_within_12_mths,sec_app_collections_12_mths_ex_med,sec_app_mths_since_last_major_derog
68407277,5.91,,0.0,2003-08-01,675.0,679.0,1.0,30.0,,7.0,0.0,2765.0,29.7,13.0,0.0,30.0,0.0,722.0,144904.0,2.0,2.0,0.0,1.0,21.0,4981.0,36.0,3.0,3.0,722.0,34.0,9300.0,3.0,1.0,4.0,4.0,20701.0,1506.0,37.2,0.0,0.0,148.0,128.0,3.0,3.0,1.0,4.0,69.0,4.0,69.0,2.0,2.0,4.0,2.0,5.0,3.0,4.0,9.0,4.0,7.0,0.0,0.0,0.0,3.0,76.9,0.0,0.0,0.0,178050.0,7746.0,2400.0,13734.0,,,,,,,,,,,,,
68355089,16.06,,1.0,1999-12-01,715.0,719.0,4.0,6.0,,22.0,0.0,21470.0,19.2,38.0,0.0,,0.0,0.0,204396.0,1.0,1.0,0.0,1.0,19.0,18005.0,73.0,2.0,3.0,6472.0,29.0,111800.0,0.0,0.0,6.0,4.0,9733.0,57830.0,27.1,0.0,0.0,113.0,192.0,2.0,2.0,4.0,2.0,,0.0,6.0,0.0,5.0,5.0,13.0,17.0,6.0,20.0,27.0,5.0,22.0,0.0,0.0,0.0,2.0,97.4,7.7,0.0,0.0,314017.0,39475.0,79300.0,24667.0,,,,,,,,,,,,,
68341763,10.78,13.85,0.0,2000-08-01,695.0,699.0,0.0,,,6.0,0.0,7869.0,56.2,18.0,0.0,,0.0,0.0,189699.0,0.0,1.0,0.0,4.0,19.0,10827.0,73.0,0.0,2.0,2081.0,65.0,14000.0,2.0,5.0,1.0,6.0,31617.0,2737.0,55.9,0.0,0.0,125.0,184.0,14.0,14.0,5.0,101.0,,10.0,,0.0,2.0,3.0,2.0,4.0,6.0,4.0,7.0,3.0,6.0,0.0,0.0,0.0,0.0,100.0,50.0,0.0,0.0,218418.0,18696.0,6200.0,14877.0,,,,,,,,,,,,,
66310712,17.06,,0.0,2008-09-01,785.0,789.0,0.0,,,13.0,0.0,7802.0,11.6,17.0,0.0,,0.0,0.0,301500.0,1.0,1.0,0.0,1.0,23.0,12609.0,70.0,1.0,1.0,6987.0,45.0,67300.0,0.0,1.0,0.0,2.0,23192.0,54962.0,12.1,0.0,0.0,36.0,87.0,2.0,2.0,1.0,2.0,,,,0.0,4.0,5.0,8.0,10.0,2.0,10.0,13.0,5.0,13.0,0.0,0.0,0.0,1.0,100.0,0.0,0.0,0.0,381215.0,52226.0,62500.0,18000.0,,,,,,,,,,,,,
68476807,25.37,,1.0,1998-06-01,695.0,699.0,3.0,12.0,,12.0,0.0,21929.0,64.5,35.0,0.0,,0.0,0.0,331730.0,1.0,3.0,0.0,3.0,14.0,73839.0,84.0,4.0,7.0,9702.0,78.0,34000.0,2.0,1.0,3.0,10.0,27644.0,4567.0,77.5,0.0,0.0,128.0,210.0,4.0,4.0,6.0,4.0,12.0,1.0,12.0,0.0,4.0,6.0,5.0,9.0,10.0,7.0,19.0,6.0,12.0,0.0,0.0,0.0,4.0,96.6,60.0,0.0,0.0,439570.0,95768.0,20300.0,88097.0,,,,,,,,,,,,,
68426831,10.2,,0.0,1987-10-01,690.0,694.0,0.0,,,5.0,0.0,8822.0,68.4,6.0,0.0,,0.0,0.0,12798.0,0.0,1.0,0.0,0.0,338.0,3976.0,99.0,0.0,0.0,4522.0,76.0,12900.0,0.0,0.0,0.0,0.0,2560.0,844.0,91.0,0.0,0.0,338.0,54.0,32.0,32.0,0.0,36.0,,,,0.0,2.0,3.0,2.0,2.0,2.0,4.0,4.0,3.0,5.0,0.0,0.0,0.0,0.0,100.0,100.0,0.0,0.0,16900.0,12798.0,9400.0,4000.0,,,,,,,,,,,,,
68476668,14.67,,0.0,1990-06-01,680.0,684.0,0.0,49.0,,12.0,0.0,87329.0,84.5,27.0,0.0,,0.0,0.0,360358.0,0.0,2.0,0.0,2.0,18.0,29433.0,63.0,2.0,3.0,13048.0,74.0,94200.0,1.0,0.0,1.0,6.0,30030.0,0.0,102.9,0.0,0.0,142.0,306.0,10.0,10.0,4.0,12.0,,10.0,,0.0,4.0,6.0,4.0,5.0,7.0,9.0,16.0,6.0,12.0,0.0,0.0,0.0,2.0,96.3,100.0,0.0,0.0,388852.0,116762.0,31500.0,46452.0,,,,,,,,,,,,,
67275481,17.61,,1.0,1999-02-01,705.0,709.0,0.0,3.0,,8.0,0.0,826.0,5.7,15.0,0.0,3.0,0.0,0.0,141601.0,0.0,3.0,0.0,4.0,13.0,27111.0,75.0,0.0,0.0,640.0,55.0,14500.0,1.0,0.0,2.0,4.0,17700.0,13674.0,5.7,0.0,0.0,149.0,55.0,32.0,13.0,3.0,32.0,,8.0,,1.0,2.0,2.0,3.0,3.0,9.0,3.0,3.0,2.0,8.0,0.0,0.0,1.0,0.0,93.3,0.0,0.0,0.0,193390.0,27937.0,14500.0,36144.0,,,,,,,,,,,,,
68466926,13.07,,0.0,2002-04-01,685.0,689.0,1.0,,106.0,14.0,1.0,10464.0,34.5,23.0,0.0,,0.0,8341.0,27957.0,2.0,1.0,0.0,0.0,35.0,17493.0,57.0,2.0,7.0,2524.0,46.0,30300.0,2.0,0.0,1.0,7.0,1997.0,8182.0,50.1,0.0,0.0,164.0,129.0,1.0,1.0,1.0,4.0,,1.0,,0.0,6.0,9.0,7.0,10.0,3.0,13.0,19.0,9.0,14.0,0.0,0.0,0.0,2.0,95.7,28.6,1.0,0.0,61099.0,27957.0,16400.0,30799.0,,,,,,,,,,,,,
68616873,34.8,,0.0,1994-11-01,700.0,704.0,0.0,75.0,,8.0,0.0,7034.0,39.1,18.0,0.0,75.0,0.0,0.0,199696.0,0.0,2.0,2.0,3.0,10.0,106748.0,72.0,0.0,2.0,4725.0,49.0,18000.0,0.0,0.0,1.0,5.0,28528.0,9966.0,41.4,0.0,0.0,155.0,253.0,15.0,10.0,1.0,50.0,,10.0,,1.0,3.0,3.0,3.0,6.0,5.0,5.0,11.0,3.0,8.0,0.0,0.0,0.0,2.0,94.4,33.3,0.0,0.0,256513.0,113782.0,17000.0,135513.0,,,,,,,,,,,,,
68356421,22.98,,0.0,1995-04-01,710.0,714.0,0.0,54.0,,16.0,0.0,13028.0,32.7,35.0,0.0,54.0,0.0,0.0,376218.0,1.0,5.0,0.0,3.0,17.0,171328.0,67.0,3.0,6.0,8121.0,54.0,39800.0,1.0,5.0,0.0,9.0,23514.0,12617.0,39.9,0.0,0.0,150.0,248.0,1.0,1.0,5.0,1.0,,14.0,,2.0,3.0,8.0,4.0,5.0,15.0,10.0,15.0,8.0,16.0,0.0,0.0,0.0,3.0,97.0,25.0,0.0,0.0,436841.0,184356.0,21000.0,191682.0,,,,,,,,,,,,,
68426545,26.4,,0.0,1988-02-01,720.0,724.0,0.0,,,13.0,0.0,28705.0,56.3,29.0,0.0,,0.0,0.0,265836.0,0.0,2.0,0.0,2.0,13.0,33702.0,74.0,1.0,1.0,8739.0,64.0,51000.0,0.0,0.0,1.0,3.0,24167.0,17922.0,61.0,0.0,0.0,147.0,334.0,9.0,9.0,2.0,9.0,,11.0,,0.0,4.0,6.0,5.0,12.0,6.0,10.0,21.0,6.0,13.0,0.0,0.0,0.0,1.0,100.0,60.0,0.0,0.0,309638.0,62407.0,45900.0,45838.0,,,,,,,,,,,,,
68338832,34.95,,0.0,1996-06-01,700.0,704.0,0.0,,,17.0,0.0,37828.0,67.2,24.0,0.0,,0.0,0.0,325695.0,1.0,3.0,1.0,2.0,2.0,37430.0,67.0,0.0,2.0,7386.0,67.0,56300.0,0.0,2.0,0.0,4.0,19159.0,7940.0,77.0,0.0,0.0,46.0,234.0,18.0,2.0,4.0,28.0,,18.0,,0.0,7.0,11.0,8.0,11.0,3.0,12.0,17.0,11.0,17.0,0.0,0.0,0.0,1.0,100.0,75.0,0.0,0.0,372109.0,75258.0,34500.0,55501.0,,,,,,,,,,,,,
66624733,9.39,,0.0,2005-06-01,665.0,669.0,1.0,,75.0,18.0,1.0,14052.0,40.7,27.0,0.0,,0.0,60.0,36247.0,2.0,2.0,1.0,3.0,2.0,22195.0,71.0,2.0,4.0,1271.0,55.0,34500.0,2.0,1.0,2.0,7.0,2014.0,5128.0,51.3,0.0,0.0,115.0,112.0,1.0,1.0,2.0,9.0,,2.0,,0.0,6.0,13.0,7.0,8.0,6.0,16.0,19.0,13.0,18.0,0.0,0.0,0.0,3.0,100.0,14.3,1.0,0.0,65819.0,36247.0,10300.0,31319.0,,,,,,,,,,,,,
68466961,21.6,,0.0,1984-05-01,720.0,724.0,0.0,42.0,,16.0,0.0,51507.0,64.5,24.0,0.0,,0.0,0.0,221110.0,0.0,2.0,0.0,0.0,27.0,23413.0,55.0,0.0,1.0,8752.0,61.0,79900.0,0.0,1.0,0.0,1.0,13819.0,16623.0,59.9,0.0,0.0,82.0,379.0,19.0,19.0,2.0,19.0,48.0,,42.0,0.0,7.0,9.0,9.0,11.0,4.0,13.0,18.0,9.0,16.0,0.0,0.0,0.0,0.0,91.7,22.2,0.0,0.0,304003.0,74920.0,41500.0,42503.0,,,,,,,,,,,,,
68354783,22.44,,0.0,1996-06-01,695.0,699.0,0.0,,,7.0,0.0,7722.0,59.4,9.0,0.0,,0.0,0.0,55387.0,0.0,3.0,0.0,0.0,47.0,47665.0,43.0,2.0,2.0,4744.0,50.0,13000.0,0.0,0.0,2.0,2.0,7912.0,4778.0,61.8,0.0,0.0,234.0,91.0,9.0,9.0,0.0,11.0,,9.0,,0.0,3.0,3.0,3.0,3.0,5.0,4.0,4.0,3.0,7.0,0.0,0.0,0.0,2.0,100.0,66.7,0.0,0.0,88635.0,55387.0,12500.0,75635.0,,,,,,,,,,,,,
68466916,26.02,,0.0,2001-12-01,745.0,749.0,1.0,,,9.0,0.0,20862.0,54.3,19.0,0.0,,0.0,0.0,305781.0,0.0,3.0,0.0,1.0,13.0,47194.0,58.0,0.0,1.0,8937.0,57.0,38400.0,1.0,0.0,1.0,2.0,33976.0,17538.0,54.3,0.0,0.0,142.0,168.0,13.0,13.0,3.0,13.0,,0.0,,0.0,3.0,3.0,5.0,6.0,7.0,5.0,9.0,3.0,9.0,0.0,0.0,0.0,0.0,100.0,20.0,0.0,0.0,373572.0,68056.0,38400.0,82117.0,,,,,,,,,,,,,
68577849,8.68,,0.0,1993-11-01,800.0,804.0,0.0,,,17.0,0.0,10711.0,15.5,27.0,0.0,,0.0,0.0,205067.0,3.0,1.0,2.0,2.0,3.0,25416.0,97.0,2.0,3.0,7672.0,38.0,82400.0,0.0,1.0,1.0,5.0,17089.0,60336.0,16.7,0.0,0.0,109.0,265.0,1.0,1.0,4.0,1.0,,10.0,,0.0,5.0,6.0,12.0,12.0,6.0,15.0,17.0,6.0,16.0,0.0,0.0,0.0,4.0,100.0,0.0,0.0,0.0,309710.0,36127.0,69800.0,26210.0,,,,,,,,,,,,,
68506798,18.28,,0.0,2001-09-01,700.0,704.0,0.0,29.0,,21.0,0.0,24940.0,52.7,33.0,0.0,,0.0,0.0,63886.0,0.0,7.0,0.0,0.0,42.0,38946.0,84.0,2.0,3.0,9516.0,68.0,47300.0,0.0,3.0,1.0,3.0,3549.0,15603.0,60.5,0.0,0.0,163.0,171.0,8.0,8.0,0.0,12.0,30.0,8.0,29.0,0.0,6.0,8.0,7.0,8.0,14.0,14.0,19.0,8.0,21.0,0.0,0.0,0.0,2.0,87.9,14.3,0.0,0.0,93962.0,63886.0,39500.0,46662.0,,,,,,,,,,,,,
68495092,25.49,,0.0,2005-03-01,675.0,679.0,4.0,,30.0,18.0,1.0,9568.0,46.0,19.0,0.0,,0.0,0.0,18926.0,6.0,1.0,0.0,1.0,19.0,9358.0,51.0,12.0,16.0,653.0,46.0,20750.0,2.0,0.0,5.0,17.0,1051.0,1375.0,45.0,0.0,0.0,129.0,95.0,0.0,0.0,0.0,8.0,,0.0,,0.0,2.0,17.0,2.0,2.0,2.0,17.0,17.0,13.0,18.0,,0.0,0.0,12.0,100.0,50.0,1.0,0.0,38998.0,18926.0,2750.0,18248.0,,,,,,,,,,,,,
68566886,21.77,,0.0,2004-05-01,715.0,719.0,0.0,,,15.0,0.0,31682.0,46.7,31.0,0.0,,0.0,0.0,220251.0,2.0,1.0,1.0,2.0,9.0,10815.0,69.0,3.0,5.0,12971.0,51.0,67800.0,0.0,4.0,1.0,7.0,15732.0,18383.0,45.9,0.0,0.0,114.0,139.0,5.0,5.0,2.0,5.0,,9.0,,0.0,2.0,5.0,4.0,9.0,8.0,13.0,21.0,5.0,15.0,0.0,0.0,0.0,4.0,100.0,25.0,0.0,0.0,271700.0,42497.0,34000.0,15574.0,,,,,,,,,,,,,
68009401,33.18,,0.0,1991-06-01,685.0,689.0,0.0,33.0,2.0,11.0,2.0,19108.0,29.6,19.0,0.0,33.0,0.0,0.0,31329.0,1.0,2.0,1.0,2.0,6.0,12221.0,91.0,1.0,4.0,14982.0,65.0,284700.0,0.0,0.0,1.0,6.0,2848.0,263953.0,17.6,0.0,0.0,131.0,294.0,11.0,6.0,2.0,11.0,76.0,11.0,76.0,2.0,6.0,9.0,6.0,8.0,6.0,9.0,11.0,9.0,11.0,0.0,0.0,0.0,2.0,78.9,0.0,0.0,2.0,298100.0,31329.0,281300.0,13400.0,,,,,,,,,,,,,
68476702,7.49,,0.0,2000-05-01,695.0,699.0,0.0,,,6.0,0.0,22780.0,63.1,22.0,0.0,,0.0,0.0,22780.0,0.0,0.0,0.0,0.0,64.0,0.0,,0.0,1.0,6881.0,63.0,36100.0,0.0,0.0,1.0,1.0,3797.0,10607.0,63.4,0.0,0.0,113.0,187.0,22.0,22.0,0.0,22.0,,10.0,,0.0,4.0,4.0,5.0,10.0,3.0,6.0,19.0,5.0,6.0,0.0,0.0,0.0,0.0,100.0,40.0,0.0,0.0,36100.0,22780.0,29000.0,0.0,,,,,,,,,,,,,
68436666,12.7,,0.0,2011-10-01,665.0,669.0,0.0,,,3.0,0.0,9441.0,101.5,5.0,0.0,,0.0,0.0,35653.0,0.0,1.0,0.0,1.0,19.0,26212.0,83.0,0.0,0.0,4360.0,87.0,9300.0,2.0,0.0,0.0,1.0,11884.0,0.0,101.4,0.0,0.0,50.0,36.0,32.0,19.0,0.0,36.0,,19.0,,0.0,1.0,2.0,1.0,1.0,3.0,2.0,2.0,2.0,3.0,0.0,0.0,0.0,0.0,100.0,100.0,0.0,0.0,41091.0,35653.0,4300.0,31791.0,,,,,,,,,,,,,
68476715,13.28,,1.0,1994-05-01,695.0,699.0,1.0,15.0,,9.0,0.0,8563.0,72.0,16.0,0.0,,0.0,0.0,116195.0,0.0,2.0,0.0,0.0,28.0,12525.0,35.0,0.0,1.0,2260.0,45.0,11900.0,0.0,1.0,1.0,1.0,12911.0,437.0,88.5,0.0,0.0,124.0,259.0,18.0,18.0,2.0,36.0,15.0,6.0,15.0,0.0,2.0,4.0,2.0,6.0,4.0,5.0,9.0,4.0,9.0,0.0,0.0,0.0,0.0,93.7,50.0,0.0,0.0,156354.0,22741.0,3800.0,36083.0,,,,,,,,,,,,,
67849662,15.22,,2.0,2011-07-01,725.0,729.0,0.0,18.0,,6.0,0.0,1058.0,24.6,6.0,0.0,,0.0,0.0,4888.0,0.0,1.0,0.0,0.0,47.0,3830.0,22.0,0.0,0.0,367.0,22.0,4300.0,0.0,0.0,0.0,0.0,815.0,2233.0,14.1,0.0,0.0,47.0,53.0,26.0,26.0,0.0,26.0,,14.0,18.0,0.0,1.0,2.0,3.0,3.0,1.0,5.0,5.0,2.0,6.0,0.0,0.0,0.0,0.0,66.7,0.0,0.0,0.0,21822.0,4888.0,2600.0,17522.0,,,,,,,,,,,,,
68596180,18.83,,0.0,1991-05-01,835.0,839.0,1.0,,,12.0,0.0,2269.0,3.0,17.0,0.0,,0.0,0.0,15444.0,0.0,2.0,0.0,1.0,15.0,13175.0,44.0,0.0,1.0,1448.0,15.0,76200.0,2.0,0.0,1.0,2.0,1287.0,73931.0,3.0,0.0,0.0,63.0,295.0,19.0,15.0,0.0,19.0,,4.0,,0.0,3.0,3.0,10.0,11.0,4.0,10.0,13.0,3.0,12.0,0.0,0.0,0.0,0.0,100.0,0.0,0.0,0.0,106217.0,15444.0,76200.0,30017.0,,,,,,,,,,,,,
68526907,23.35,,0.0,2002-04-01,680.0,684.0,1.0,,,11.0,0.0,42469.0,87.6,33.0,0.0,,0.0,0.0,182936.0,2.0,2.0,2.0,2.0,3.0,20689.0,94.0,1.0,3.0,8897.0,90.0,48500.0,0.0,3.0,1.0,5.0,16631.0,0.0,100.8,0.0,0.0,149.0,164.0,3.0,3.0,1.0,13.0,,1.0,,0.0,3.0,6.0,3.0,13.0,10.0,8.0,22.0,6.0,11.0,0.0,0.0,0.0,3.0,100.0,100.0,0.0,0.0,228050.0,63158.0,15800.0,22000.0,,,,,,,,,,,,,
68607141,26.59,,0.0,2001-05-01,780.0,784.0,0.0,,,20.0,0.0,12203.0,34.4,42.0,0.0,,0.0,0.0,229082.0,0.0,10.0,1.0,4.0,9.0,68644.0,74.0,0.0,0.0,9347.0,63.0,35500.0,2.0,6.0,1.0,5.0,12057.0,11397.0,51.7,0.0,0.0,160.0,175.0,37.0,9.0,5.0,37.0,,10.0,,0.0,2.0,2.0,4.0,7.0,24.0,8.0,13.0,2.0,20.0,0.0,0.0,0.0,1.0,100.0,0.0,0.0,0.0,285027.0,80847.0,23600.0,92701.0,,,,,,,,,,,,,
68526883,15.34,,0.0,2002-06-01,685.0,689.0,1.0,47.0,,7.0,0.0,17003.0,50.3,21.0,0.0,,0.0,0.0,17003.0,0.0,0.0,0.0,1.0,19.0,0.0,,0.0,1.0,5966.0,50.0,33800.0,0.0,3.0,3.0,2.0,2429.0,7011.0,51.0,0.0,0.0,141.0,162.0,13.0,13.0,2.0,34.0,,5.0,47.0,0.0,2.0,6.0,2.0,4.0,5.0,7.0,14.0,6.0,7.0,0.0,0.0,0.0,0.0,90.5,0.0,0.0,0.0,33800.0,17003.0,14300.0,0.0,,,,,,,,,,,,,
67715283,18.96,,0.0,1985-12-01,675.0,679.0,0.0,33.0,66.0,7.0,1.0,5157.0,54.3,20.0,0.0,55.0,0.0,1830.0,39781.0,2.0,2.0,0.0,0.0,27.0,34624.0,68.0,2.0,2.0,739.0,64.0,9500.0,0.0,5.0,0.0,2.0,5683.0,3684.0,21.6,0.0,0.0,256.0,360.0,1.0,1.0,0.0,1.0,33.0,14.0,33.0,1.0,3.0,5.0,3.0,3.0,12.0,5.0,7.0,5.0,7.0,0.0,0.0,0.0,2.0,80.0,0.0,0.0,1.0,80999.0,39781.0,4700.0,71499.0,,,,,,,,,,,,,
68341789,20.84,,0.0,2007-04-01,660.0,664.0,0.0,,,18.0,0.0,24799.0,65.3,21.0,0.0,,0.0,0.0,320098.0,2.0,1.0,0.0,1.0,14.0,13676.0,75.0,2.0,10.0,3138.0,61.0,38000.0,1.0,1.0,3.0,13.0,17783.0,9044.0,68.9,0.0,0.0,93.0,104.0,2.0,2.0,2.0,2.0,,7.0,,0.0,10.0,12.0,11.0,12.0,2.0,15.0,16.0,12.0,18.0,0.0,0.0,0.0,3.0,100.0,63.6,0.0,0.0,344960.0,38475.0,29100.0,18300.0,,,,,,,,,,,,,
68533595,24.04,,0.0,2002-02-01,690.0,694.0,0.0,33.0,61.0,15.0,1.0,20462.0,62.8,39.0,0.0,69.0,0.0,5930.0,374585.0,0.0,4.0,1.0,3.0,9.0,82819.0,66.0,1.0,2.0,12597.0,65.0,32600.0,1.0,1.0,0.0,5.0,26756.0,3884.0,83.9,0.0,0.0,147.0,166.0,9.0,9.0,8.0,9.0,69.0,15.0,69.0,4.0,3.0,5.0,3.0,6.0,17.0,8.0,14.0,5.0,15.0,0.0,0.0,0.0,2.0,87.2,66.7,0.0,0.0,478544.0,103281.0,24100.0,120544.0,,,,,,,,,,,,,
68415473,34.53,,0.0,2001-06-01,730.0,734.0,1.0,,,33.0,0.0,22519.0,18.6,72.0,0.0,,0.0,171.0,265233.0,3.0,3.0,2.0,4.0,5.0,67459.0,62.0,4.0,8.0,5447.0,28.0,121200.0,2.0,6.0,3.0,12.0,8556.0,57049.0,21.4,0.0,0.0,124.0,174.0,1.0,1.0,6.0,2.0,,2.0,,0.0,6.0,16.0,12.0,21.0,15.0,29.0,51.0,16.0,33.0,0.0,0.0,0.0,6.0,100.0,0.0,0.0,0.0,389002.0,89978.0,72600.0,81802.0,,,,,,,,,,,,,
68537655,34.29,,0.0,1997-06-01,680.0,684.0,0.0,35.0,57.0,11.0,1.0,7849.0,24.1,46.0,0.0,67.0,0.0,0.0,314793.0,0.0,4.0,0.0,4.0,13.0,67959.0,67.0,1.0,1.0,4746.0,53.0,32600.0,2.0,8.0,1.0,6.0,28618.0,4751.0,62.3,0.0,0.0,126.0,222.0,11.0,11.0,4.0,11.0,66.0,11.0,66.0,12.0,3.0,3.0,4.0,22.0,12.0,5.0,28.0,3.0,11.0,0.0,0.0,0.0,1.0,64.4,25.0,0.0,0.0,412771.0,75808.0,12600.0,115941.0,,,,,,,,,,,,,
68446769,13.06,,1.0,1996-10-01,730.0,734.0,1.0,23.0,,10.0,0.0,10467.0,24.2,34.0,0.0,,0.0,0.0,55222.0,0.0,1.0,0.0,0.0,45.0,5337.0,26.0,1.0,2.0,6987.0,25.0,43200.0,0.0,2.0,2.0,2.0,6136.0,26118.0,26.0,0.0,0.0,124.0,223.0,10.0,10.0,3.0,34.0,,1.0,,0.0,2.0,4.0,4.0,5.0,14.0,8.0,17.0,4.0,10.0,0.0,0.0,0.0,1.0,97.1,0.0,0.0,0.0,115502.0,15804.0,35300.0,20402.0,,,,,,,,,,,,,
68367011,14.47,,0.0,2005-01-01,680.0,684.0,1.0,,,5.0,0.0,20374.0,87.4,15.0,0.0,,0.0,0.0,372407.0,1.0,1.0,1.0,1.0,5.0,352033.0,,0.0,0.0,9358.0,87.0,23300.0,1.0,0.0,2.0,1.0,74481.0,2926.0,87.4,0.0,0.0,76.0,131.0,85.0,5.0,0.0,85.0,,0.0,,0.0,3.0,3.0,4.0,4.0,11.0,4.0,4.0,3.0,5.0,0.0,0.0,0.0,1.0,100.0,75.0,0.0,0.0,370357.0,372407.0,23300.0,347057.0,,,,,,,,,,,,,
68407301,6.79,,0.0,2001-07-01,700.0,704.0,0.0,,,14.0,0.0,34974.0,50.9,19.0,0.0,,0.0,0.0,267500.0,1.0,1.0,0.0,1.0,21.0,10003.0,76.0,1.0,3.0,12056.0,55.0,68700.0,0.0,0.0,0.0,4.0,19107.0,23969.0,56.8,0.0,0.0,21.0,173.0,3.0,3.0,1.0,3.0,,,,0.0,6.0,10.0,7.0,9.0,1.0,12.0,17.0,10.0,14.0,0.0,0.0,0.0,1.0,100.0,57.1,0.0,0.0,325100.0,44977.0,55500.0,13200.0,,,,,,,,,,,,,
68356614,8.47,,0.0,2004-08-01,725.0,729.0,1.0,,,5.0,0.0,5449.0,35.2,7.0,0.0,,0.0,0.0,147791.0,2.0,1.0,0.0,1.0,23.0,14807.0,66.0,3.0,3.0,2445.0,53.0,15500.0,1.0,0.0,2.0,4.0,29558.0,10051.0,35.2,0.0,0.0,111.0,7.0,2.0,2.0,2.0,2.0,,0.0,,0.0,3.0,3.0,3.0,3.0,2.0,3.0,3.0,3.0,5.0,0.0,0.0,0.0,3.0,100.0,0.0,0.0,0.0,189950.0,20256.0,15500.0,22450.0,,,,,,,,,,,,,
68426865,12.45,,0.0,2007-06-01,690.0,694.0,0.0,,,8.0,0.0,21374.0,84.5,12.0,0.0,,0.0,0.0,37491.0,0.0,1.0,1.0,1.0,10.0,16016.0,80.0,0.0,1.0,14981.0,82.0,25300.0,1.0,0.0,1.0,3.0,5356.0,523.0,97.6,0.0,0.0,10.0,102.0,16.0,10.0,0.0,16.0,,9.0,,0.0,3.0,4.0,3.0,5.0,1.0,6.0,10.0,4.0,8.0,0.0,0.0,0.0,1.0,100.0,100.0,0.0,0.0,45509.0,37491.0,21500.0,20000.0,,,,,,,,,,,,,
68476676,22.21,,0.0,2004-07-01,680.0,684.0,0.0,38.0,,24.0,0.0,19077.0,36.6,63.0,0.0,38.0,0.0,264.0,63456.0,2.0,3.0,0.0,0.0,47.0,44379.0,84.0,6.0,9.0,2957.0,61.0,52100.0,0.0,0.0,3.0,9.0,2759.0,12279.0,48.0,0.0,0.0,131.0,137.0,2.0,2.0,1.0,2.0,,9.0,,5.0,8.0,17.0,9.0,9.0,39.0,21.0,23.0,17.0,24.0,0.0,0.0,0.0,6.0,92.1,0.0,0.0,0.0,104696.0,63456.0,23600.0,52596.0,,,,,,,,,,,,,
68566951,35.7,,0.0,2001-04-01,685.0,689.0,0.0,,,14.0,0.0,38623.0,78.0,28.0,0.0,,0.0,0.0,288087.0,2.0,2.0,2.0,2.0,6.0,32895.0,94.0,1.0,1.0,6742.0,85.0,49500.0,0.0,3.0,3.0,4.0,20578.0,287.0,97.4,0.0,0.0,106.0,176.0,7.0,6.0,6.0,51.0,,6.0,,0.0,3.0,9.0,3.0,4.0,6.0,11.0,16.0,9.0,14.0,0.0,0.0,0.0,4.0,100.0,100.0,0.0,0.0,302401.0,71518.0,11000.0,34953.0,,,,,,,,,,,,,
68615044,17.74,,2.0,2004-10-01,680.0,684.0,2.0,8.0,39.0,15.0,2.0,2273.0,39.9,19.0,0.0,43.0,0.0,0.0,667373.0,0.0,7.0,0.0,6.0,17.0,109893.0,69.0,0.0,1.0,1959.0,66.0,5700.0,5.0,0.0,3.0,7.0,47670.0,2827.0,44.6,0.0,0.0,134.0,98.0,23.0,17.0,1.0,23.0,29.0,4.0,13.0,1.0,2.0,2.0,4.0,5.0,10.0,7.0,8.0,2.0,15.0,0.0,0.0,0.0,0.0,73.7,25.0,0.0,2.0,704224.0,112166.0,5100.0,124120.0,,,,,,,,,,,,,
68527009,23.45,,0.0,1992-05-01,725.0,729.0,0.0,70.0,,14.0,0.0,7558.0,9.6,26.0,0.0,70.0,0.0,0.0,40090.0,2.0,2.0,2.0,3.0,8.0,32532.0,84.0,3.0,5.0,1600.0,34.0,78900.0,0.0,2.0,0.0,8.0,2864.0,48533.0,5.9,0.0,0.0,159.0,283.0,4.0,4.0,1.0,4.0,,19.0,,2.0,5.0,10.0,7.0,8.0,11.0,12.0,13.0,10.0,14.0,0.0,0.0,0.0,5.0,92.3,0.0,0.0,0.0,117477.0,40090.0,51600.0,38577.0,,,,,,,,,,,,,
68547583,7.28,,0.0,2001-07-01,750.0,754.0,0.0,,,15.0,0.0,7158.0,26.7,24.0,0.0,,0.0,0.0,165450.0,0.0,1.0,1.0,1.0,11.0,24041.0,89.0,0.0,3.0,3081.0,58.0,26800.0,1.0,0.0,5.0,5.0,13788.0,11142.0,39.1,0.0,0.0,73.0,173.0,16.0,11.0,1.0,20.0,,11.0,,0.0,3.0,3.0,9.0,10.0,5.0,13.0,18.0,3.0,15.0,0.0,0.0,0.0,1.0,100.0,0.0,0.0,0.0,191618.0,31199.0,18300.0,27078.0,,,,,,,,,,,,,
68587709,12.14,,0.0,1999-10-01,670.0,674.0,0.0,,48.0,9.0,1.0,1581.0,26.8,44.0,0.0,,0.0,0.0,51489.0,0.0,7.0,0.0,2.0,14.0,49908.0,97.0,0.0,1.0,1097.0,89.0,5900.0,1.0,3.0,1.0,3.0,5721.0,4319.0,26.8,0.0,0.0,186.0,194.0,17.0,14.0,2.0,17.0,,0.0,,0.0,2.0,2.0,2.0,14.0,25.0,2.0,17.0,2.0,9.0,0.0,0.0,0.0,0.0,100.0,50.0,1.0,0.0,57564.0,51489.0,5900.0,51664.0,,,,,,,,,,,,,
68446771,17.35,,0.0,2005-06-01,680.0,684.0,0.0,59.0,74.0,24.0,1.0,5938.0,69.0,43.0,0.0,,0.0,0.0,275831.0,1.0,18.0,3.0,9.0,5.0,269893.0,110.0,0.0,3.0,3234.0,108.0,8600.0,4.0,0.0,9.0,12.0,11493.0,1521.0,77.3,0.0,0.0,111.0,126.0,15.0,5.0,0.0,15.0,,5.0,,0.0,2.0,3.0,4.0,5.0,35.0,6.0,8.0,3.0,24.0,0.0,0.0,0.0,3.0,97.7,50.0,0.0,1.0,255047.0,275831.0,6700.0,246447.0,,,,,,,,,,,,,
66796130,5.18,,0.0,2001-11-01,665.0,669.0,1.0,45.0,,9.0,0.0,9195.0,76.6,24.0,0.0,,0.0,0.0,105650.0,1.0,1.0,0.0,0.0,35.0,921.0,15.0,2.0,5.0,3818.0,56.0,12000.0,0.0,2.0,3.0,8.0,11739.0,445.0,94.8,0.0,0.0,102.0,169.0,6.0,6.0,2.0,9.0,45.0,6.0,45.0,0.0,3.0,5.0,3.0,11.0,6.0,6.0,15.0,5.0,9.0,0.0,0.0,0.0,2.0,87.5,100.0,0.0,0.0,116292.0,10116.0,8500.0,6000.0,,,,,,,,,,,,,
68617034,21.44,,0.0,2005-10-01,690.0,694.0,0.0,,,12.0,0.0,11378.0,101.6,24.0,0.0,,0.0,0.0,62813.0,0.0,10.0,0.0,0.0,76.0,51435.0,91.0,0.0,0.0,10159.0,93.0,11200.0,0.0,0.0,0.0,0.0,5234.0,0.0,101.6,0.0,0.0,122.0,45.0,40.0,40.0,0.0,40.0,,,,0.0,2.0,2.0,2.0,2.0,22.0,2.0,2.0,2.0,12.0,0.0,0.0,0.0,0.0,100.0,100.0,0.0,0.0,67732.0,62813.0,11200.0,56532.0,,,,,,,,,,,,,
68387134,17.6,,3.0,2001-01-01,670.0,674.0,4.0,6.0,,7.0,0.0,732.0,31.1,22.0,0.0,18.0,0.0,0.0,197169.0,3.0,3.0,2.0,4.0,2.0,196437.0,95.0,1.0,2.0,48.0,87.0,2500.0,6.0,3.0,5.0,6.0,28167.0,652.0,6.9,0.0,0.0,149.0,179.0,3.0,2.0,0.0,3.0,,0.0,6.0,3.0,1.0,4.0,1.0,1.0,14.0,4.0,8.0,4.0,7.0,0.0,0.0,1.0,3.0,68.4,0.0,0.0,0.0,196429.0,197169.0,700.0,193929.0,,,,,,,,,,,,,
68566925,21.34,,0.0,2004-09-01,680.0,684.0,1.0,52.0,,9.0,0.0,8137.0,84.8,18.0,0.0,,0.0,0.0,205780.0,0.0,3.0,0.0,3.0,17.0,25792.0,63.0,0.0,2.0,4361.0,67.0,9600.0,2.0,1.0,1.0,5.0,22864.0,463.0,94.6,0.0,0.0,127.0,135.0,13.0,13.0,2.0,13.0,,1.0,,0.0,4.0,4.0,4.0,5.0,8.0,5.0,8.0,4.0,9.0,0.0,0.0,0.0,0.0,94.4,75.0,0.0,0.0,231864.0,33929.0,8600.0,41107.0,,,,,,,,,,,,,
68516838,24.71,,1.0,1993-09-01,665.0,669.0,0.0,23.0,,12.0,0.0,28220.0,91.3,33.0,0.0,23.0,0.0,342.0,525195.0,0.0,1.0,0.0,0.0,45.0,4453.0,44.0,0.0,0.0,7494.0,80.0,30900.0,0.0,0.0,0.0,0.0,47745.0,6.0,99.9,0.0,0.0,140.0,267.0,70.0,45.0,4.0,99.0,,,23.0,2.0,1.0,7.0,2.0,6.0,9.0,9.0,20.0,8.0,12.0,0.0,0.0,1.0,0.0,90.9,100.0,0.0,0.0,554242.0,32673.0,7500.0,10100.0,,,,,,,,,,,,,
68476697,29.13,,0.0,2005-11-01,685.0,689.0,0.0,66.0,,19.0,0.0,15458.0,64.9,28.0,0.0,72.0,0.0,0.0,270017.0,2.0,9.0,1.0,3.0,6.0,68316.0,101.0,2.0,2.0,5268.0,88.0,23800.0,0.0,2.0,1.0,5.0,14211.0,1516.0,87.7,0.0,0.0,112.0,121.0,4.0,4.0,1.0,4.0,66.0,10.0,66.0,1.0,3.0,6.0,4.0,5.0,13.0,9.0,14.0,7.0,19.0,0.0,0.0,0.0,3.0,96.4,75.0,0.0,0.0,305962.0,83774.0,12300.0,81126.0,,,,,,,,,,,,,
68566856,18.01,,0.0,1989-02-01,800.0,804.0,0.0,,,21.0,0.0,18421.0,10.5,37.0,0.0,,0.0,0.0,41270.0,2.0,1.0,1.0,1.0,8.0,22849.0,91.0,3.0,7.0,7303.0,21.0,175800.0,1.0,0.0,2.0,8.0,2428.0,141793.0,11.2,0.0,0.0,94.0,322.0,5.0,5.0,2.0,11.0,,8.0,,0.0,8.0,10.0,13.0,20.0,3.0,20.0,31.0,10.0,21.0,0.0,0.0,0.0,4.0,100.0,0.0,0.0,0.0,200980.0,41270.0,159700.0,25180.0,,,,,,,,,,,,,
68543413,9.44,,0.0,2006-09-01,710.0,714.0,0.0,,,13.0,0.0,6959.0,41.7,33.0,0.0,,0.0,0.0,304514.0,2.0,4.0,1.0,4.0,6.0,66773.0,88.0,1.0,1.0,2180.0,71.0,16700.0,0.0,0.0,3.0,7.0,23424.0,433.0,90.2,0.0,0.0,104.0,111.0,9.0,6.0,3.0,9.0,,8.0,,0.0,3.0,5.0,3.0,6.0,19.0,7.0,11.0,5.0,13.0,0.0,0.0,0.0,3.0,100.0,100.0,0.0,0.0,321380.0,73732.0,4400.0,68648.0,,,,,,,,,,,,,
68366663,10.24,,0.0,1982-10-01,740.0,744.0,1.0,50.0,,9.0,0.0,3454.0,10.3,21.0,0.0,50.0,0.0,0.0,127412.0,0.0,1.0,0.0,0.0,73.0,1456.0,4.0,0.0,1.0,3309.0,7.0,33600.0,1.0,0.0,2.0,1.0,14157.0,27172.0,10.9,0.0,0.0,139.0,398.0,22.0,22.0,2.0,22.0,,0.0,,1.0,2.0,3.0,4.0,6.0,6.0,7.0,13.0,3.0,9.0,0.0,0.0,0.0,0.0,95.2,0.0,0.0,0.0,202351.0,4910.0,30500.0,33631.0,,,,,,,,,,,,,
68416916,31.88,,0.0,2002-10-01,685.0,689.0,0.0,,,27.0,0.0,43413.0,51.9,46.0,0.0,,0.0,0.0,193745.0,1.0,2.0,0.0,2.0,22.0,13889.0,44.0,2.0,6.0,7213.0,50.0,83600.0,1.0,0.0,0.0,8.0,7176.0,23476.0,59.9,0.0,0.0,143.0,158.0,4.0,4.0,2.0,10.0,,16.0,,0.0,14.0,20.0,14.0,18.0,9.0,24.0,34.0,20.0,27.0,0.0,0.0,0.0,2.0,100.0,50.0,0.0,0.0,267312.0,57302.0,58500.0,31758.0,,,,,,,,,,,,,
68444620,6.46,,0.0,1990-02-01,685.0,689.0,0.0,46.0,,17.0,0.0,14277.0,27.4,46.0,0.0,56.0,0.0,321.0,146867.0,1.0,11.0,0.0,0.0,28.0,35367.0,49.0,0.0,1.0,5020.0,40.0,52200.0,1.0,4.0,0.0,3.0,8639.0,17248.0,35.6,0.0,0.0,206.0,310.0,19.0,3.0,5.0,99.0,46.0,15.0,46.0,1.0,3.0,4.0,3.0,6.0,26.0,5.0,11.0,4.0,17.0,0.0,0.0,0.0,1.0,91.3,33.3,0.0,0.0,220950.0,49644.0,26800.0,71700.0,,,,,,,,,,,,,
68082535,19.25,,0.0,1987-08-01,675.0,679.0,0.0,70.0,,13.0,0.0,9051.0,47.6,25.0,0.0,,0.0,0.0,218695.0,0.0,2.0,0.0,2.0,14.0,18276.0,74.0,2.0,4.0,3281.0,63.0,19000.0,1.0,3.0,2.0,8.0,19881.0,9949.0,47.6,0.0,0.0,120.0,137.0,11.0,9.0,3.0,11.0,,10.0,,0.0,6.0,6.0,8.0,13.0,7.0,9.0,14.0,6.0,13.0,0.0,0.0,0.0,3.0,96.0,37.5,0.0,0.0,236795.0,27327.0,19000.0,24744.0,,,,,,,,,,,,,
68466995,10.81,,0.0,1998-10-01,680.0,684.0,1.0,,,4.0,0.0,6664.0,45.0,7.0,0.0,,0.0,1036.0,27354.0,1.0,1.0,0.0,0.0,76.0,20690.0,101.0,1.0,2.0,5037.0,78.0,14800.0,0.0,0.0,1.0,2.0,6839.0,6420.0,50.6,0.0,0.0,124.0,206.0,1.0,1.0,0.0,24.0,,1.0,,0.0,2.0,3.0,2.0,2.0,3.0,3.0,4.0,3.0,4.0,0.0,0.0,0.0,1.0,100.0,0.0,0.0,0.0,35247.0,27354.0,13000.0,20447.0,,,,,,,,,,,,,
68584507,9.6,,0.0,2002-04-01,670.0,674.0,0.0,,,29.0,0.0,11834.0,44.8,48.0,0.0,,0.0,0.0,83690.0,0.0,15.0,0.0,0.0,52.0,71856.0,118.0,0.0,1.0,1846.0,96.0,26400.0,0.0,0.0,0.0,1.0,2886.0,14203.0,40.6,0.0,0.0,164.0,120.0,16.0,16.0,0.0,16.0,,,,0.0,7.0,8.0,13.0,20.0,25.0,14.0,23.0,8.0,29.0,0.0,0.0,0.0,0.0,97.9,30.8,0.0,0.0,87509.0,83690.0,23900.0,61109.0,,,,,,,,,,,,,
68466924,17.76,,0.0,2001-04-01,700.0,704.0,0.0,,,9.0,0.0,24882.0,57.1,14.0,0.0,,0.0,0.0,40976.0,1.0,1.0,0.0,0.0,55.0,16094.0,49.0,1.0,2.0,11556.0,54.0,43600.0,0.0,1.0,0.0,2.0,5122.0,10318.0,70.7,0.0,0.0,140.0,176.0,6.0,6.0,0.0,6.0,,,,0.0,5.0,5.0,5.0,5.0,3.0,8.0,11.0,5.0,9.0,0.0,0.0,0.0,1.0,100.0,60.0,0.0,0.0,76326.0,40976.0,35200.0,32726.0,,,,,,,,,,,,,
68367009,18.0,,0.0,2001-08-01,675.0,679.0,1.0,,,12.0,0.0,15646.0,74.9,21.0,0.0,,0.0,0.0,60381.0,1.0,0.0,0.0,0.0,91.0,0.0,,2.0,5.0,4879.0,75.0,20900.0,0.0,0.0,2.0,5.0,5032.0,578.0,93.4,0.0,0.0,138.0,172.0,2.0,2.0,3.0,2.0,,2.0,,0.0,3.0,11.0,3.0,3.0,4.0,11.0,13.0,11.0,12.0,0.0,0.0,0.0,2.0,100.0,66.7,0.0,0.0,72286.0,15646.0,8800.0,0.0,,,,,,,,,,,,,
68475450,17.36,,0.0,2002-04-01,730.0,734.0,0.0,,,8.0,0.0,39055.0,72.1,27.0,0.0,,0.0,0.0,299890.0,0.0,3.0,0.0,0.0,35.0,16012.0,43.0,0.0,0.0,9701.0,60.0,54200.0,0.0,4.0,0.0,0.0,37486.0,12875.0,67.2,0.0,0.0,135.0,164.0,38.0,35.0,4.0,38.0,,,,0.0,3.0,4.0,3.0,6.0,13.0,4.0,10.0,4.0,8.0,0.0,0.0,0.0,0.0,100.0,0.0,0.0,0.0,366974.0,55067.0,39200.0,36981.0,,,,,,,,,,,,,
68525943,12.28,,0.0,2004-02-01,695.0,699.0,0.0,,,12.0,0.0,22551.0,80.2,21.0,0.0,,0.0,0.0,429218.0,2.0,3.0,1.0,2.0,2.0,9935.0,43.0,2.0,3.0,4627.0,62.0,28500.0,1.0,0.0,6.0,5.0,39020.0,2822.0,81.6,0.0,0.0,79.0,142.0,4.0,2.0,5.0,27.0,,1.0,,0.0,4.0,6.0,5.0,8.0,5.0,7.0,11.0,6.0,12.0,0.0,0.0,0.0,3.0,100.0,75.0,0.0,0.0,472759.0,32486.0,13500.0,23259.0,,,,,,,,,,,,,
68340446,24.29,,0.0,2009-08-01,690.0,694.0,0.0,,,11.0,0.0,12718.0,73.9,24.0,0.0,,0.0,0.0,70789.0,0.0,2.0,1.0,2.0,10.0,58071.0,99.0,0.0,1.0,4952.0,89.0,17200.0,1.0,0.0,5.0,3.0,6435.0,2382.0,84.2,0.0,0.0,76.0,71.0,23.0,10.0,0.0,23.0,,0.0,,0.0,7.0,7.0,8.0,8.0,13.0,9.0,11.0,8.0,11.0,0.0,0.0,0.0,1.0,100.0,87.5,0.0,0.0,83083.0,70789.0,15100.0,65883.0,,,,,,,,,,,,,
68615169,28.92,,0.0,2002-03-01,720.0,724.0,0.0,39.0,,10.0,0.0,15763.0,51.2,24.0,0.0,61.0,0.0,0.0,227708.0,3.0,3.0,1.0,2.0,3.0,48608.0,82.0,2.0,4.0,4727.0,71.0,30800.0,1.0,1.0,0.0,6.0,22771.0,8703.0,63.0,0.0,0.0,165.0,159.0,3.0,3.0,3.0,3.0,,17.0,39.0,1.0,4.0,5.0,4.0,7.0,9.0,6.0,12.0,6.0,10.0,0.0,0.0,0.0,3.0,87.5,50.0,0.0,0.0,307343.0,64371.0,23500.0,59526.0,,,,,,,,,,,,,
68397043,28.52,,0.0,1999-11-01,670.0,674.0,0.0,,,19.0,0.0,36814.0,71.8,29.0,0.0,,0.0,150.0,256638.0,0.0,2.0,0.0,1.0,16.0,20515.0,69.0,1.0,3.0,14170.0,71.0,51300.0,0.0,0.0,0.0,4.0,14258.0,3764.0,84.9,0.0,0.0,150.0,193.0,11.0,11.0,2.0,11.0,,19.0,,0.0,5.0,15.0,6.0,11.0,5.0,16.0,22.0,15.0,19.0,0.0,0.0,0.0,1.0,100.0,60.0,0.0,0.0,280650.0,57329.0,25000.0,29709.0,,,,,,,,,,,,,
68506862,16.9,,0.0,2001-06-01,680.0,684.0,0.0,33.0,,20.0,0.0,31200.0,42.0,35.0,0.0,69.0,0.0,0.0,34856.0,2.0,1.0,0.0,0.0,43.0,3656.0,37.0,2.0,3.0,4367.0,41.0,74200.0,0.0,1.0,0.0,3.0,1835.0,18527.0,44.0,0.0,0.0,46.0,174.0,5.0,5.0,0.0,6.0,,13.0,,1.0,6.0,11.0,9.0,19.0,2.0,19.0,32.0,11.0,20.0,0.0,0.0,0.0,2.0,94.3,44.4,0.0,0.0,84200.0,34856.0,33100.0,10000.0,,,,,,,,,,,,,
68341799,17.56,,0.0,2006-06-01,680.0,684.0,0.0,,,7.0,0.0,12900.0,102.4,25.0,0.0,,0.0,0.0,133285.0,0.0,4.0,0.0,1.0,13.0,120385.0,83.0,0.0,0.0,5998.0,91.0,12600.0,0.0,1.0,0.0,1.0,19041.0,0.0,102.4,0.0,0.0,112.0,114.0,25.0,13.0,0.0,25.0,,,,0.0,3.0,3.0,3.0,3.0,21.0,3.0,4.0,3.0,7.0,0.0,0.0,0.0,0.0,100.0,100.0,0.0,0.0,139633.0,133285.0,12600.0,127033.0,,,,,,,,,,,,,
68487261,26.21,,0.0,1999-01-01,700.0,704.0,0.0,,,14.0,0.0,11947.0,88.5,37.0,0.0,,0.0,0.0,197024.0,2.0,6.0,2.0,3.0,3.0,32446.0,54.0,0.0,4.0,4797.0,60.0,13500.0,1.0,9.0,2.0,8.0,14073.0,983.0,89.1,0.0,0.0,138.0,203.0,13.0,3.0,7.0,23.0,,7.0,,0.0,2.0,6.0,2.0,7.0,14.0,6.0,16.0,6.0,14.0,0.0,0.0,0.0,3.0,100.0,100.0,0.0,0.0,264272.0,44393.0,9000.0,60487.0,,,,,,,,,,,,,
68597047,13.09,,0.0,2000-06-01,665.0,669.0,2.0,63.0,,15.0,0.0,17771.0,63.7,34.0,0.0,,0.0,0.0,72043.0,2.0,2.0,0.0,1.0,13.0,30388.0,83.0,3.0,6.0,2724.0,75.0,27900.0,0.0,4.0,2.0,9.0,5146.0,884.0,88.2,1.0,0.0,151.0,186.0,1.0,1.0,3.0,3.0,,1.0,63.0,1.0,4.0,10.0,4.0,6.0,13.0,12.0,18.0,10.0,15.0,0.0,0.0,0.0,4.0,94.1,100.0,0.0,0.0,94620.0,48159.0,7500.0,36720.0,,,,,,,,,,,,,
68366999,34.85,,0.0,2007-01-01,755.0,759.0,1.0,,,18.0,0.0,8799.0,21.3,24.0,0.0,,0.0,25.0,45025.0,3.0,2.0,2.0,3.0,5.0,36226.0,84.0,2.0,2.0,6833.0,53.0,41300.0,1.0,0.0,1.0,5.0,2649.0,12808.0,35.6,0.0,0.0,90.0,107.0,2.0,2.0,0.0,10.0,,5.0,,0.0,2.0,4.0,4.0,4.0,7.0,16.0,17.0,4.0,18.0,0.0,0.0,0.0,4.0,100.0,0.0,0.0,0.0,84300.0,45025.0,19900.0,43000.0,,,,,,,,,,,,,
68506885,31.04,,0.0,1998-12-01,705.0,709.0,1.0,,,10.0,0.0,5812.0,40.9,23.0,0.0,,0.0,0.0,41166.0,1.0,3.0,0.0,2.0,13.0,35354.0,76.0,1.0,1.0,3118.0,67.0,14200.0,1.0,1.0,1.0,3.0,4117.0,7288.0,44.4,0.0,0.0,129.0,204.0,5.0,5.0,0.0,5.0,,5.0,,0.0,4.0,4.0,6.0,9.0,12.0,7.0,11.0,4.0,10.0,0.0,0.0,0.0,1.0,100.0,50.0,0.0,0.0,61054.0,41166.0,13100.0,46854.0,,,,,,,,,,,,,
68394562,18.5,,0.0,1997-08-01,725.0,729.0,1.0,61.0,,9.0,0.0,21831.0,50.3,23.0,0.0,,0.0,0.0,408118.0,2.0,4.0,2.0,4.0,6.0,130740.0,84.0,0.0,1.0,12141.0,71.0,43400.0,4.0,3.0,3.0,7.0,51015.0,21569.0,50.3,0.0,0.0,118.0,220.0,16.0,6.0,3.0,16.0,,0.0,61.0,0.0,2.0,2.0,3.0,7.0,9.0,4.0,11.0,2.0,9.0,0.0,0.0,0.0,3.0,95.7,33.3,0.0,0.0,447599.0,152571.0,43400.0,146568.0,,,,,,,,,,,,,
68416953,16.11,,0.0,1987-12-01,745.0,749.0,0.0,39.0,,12.0,0.0,3717.0,21.2,37.0,0.0,,0.0,0.0,158643.0,3.0,2.0,1.0,2.0,3.0,14683.0,81.0,3.0,5.0,3382.0,52.0,17500.0,0.0,1.0,1.0,8.0,15864.0,8818.0,27.7,0.0,0.0,123.0,336.0,6.0,3.0,4.0,6.0,39.0,12.0,39.0,0.0,1.0,3.0,4.0,15.0,8.0,9.0,25.0,3.0,12.0,0.0,0.0,0.0,4.0,97.2,0.0,0.0,0.0,179105.0,18400.0,12200.0,18050.0,,,,,,,,,,,,,
68587652,9.54,,0.0,1996-02-01,795.0,799.0,0.0,,,7.0,0.0,19339.0,42.5,18.0,0.0,,0.0,0.0,430856.0,1.0,2.0,0.0,0.0,28.0,25447.0,6.0,1.0,1.0,19339.0,34.0,45500.0,0.0,7.0,0.0,1.0,61551.0,24661.0,44.0,0.0,0.0,166.0,238.0,4.0,4.0,7.0,73.0,,,,0.0,1.0,1.0,3.0,3.0,4.0,4.0,7.0,1.0,7.0,0.0,0.0,0.0,1.0,100.0,0.0,0.0,0.0,512381.0,44786.0,44000.0,51081.0,,,,,,,,,,,,,
68407333,34.95,,0.0,1990-04-01,690.0,694.0,0.0,,,15.0,0.0,27336.0,94.9,21.0,0.0,,0.0,0.0,201184.0,0.0,10.0,0.0,0.0,38.0,50801.0,94.0,0.0,1.0,9937.0,95.0,28800.0,1.0,1.0,1.0,2.0,13412.0,350.0,98.7,0.0,0.0,194.0,308.0,17.0,8.0,2.0,17.0,,9.0,,0.0,3.0,4.0,3.0,4.0,13.0,4.0,6.0,4.0,15.0,0.0,0.0,0.0,1.0,100.0,100.0,0.0,0.0,206555.0,78137.0,27300.0,53905.0,,,,,,,,,,,,,
68466066,34.84,,0.0,2004-06-01,720.0,724.0,0.0,,86.0,10.0,1.0,8284.0,40.6,16.0,0.0,,0.0,0.0,43224.0,0.0,4.0,2.0,3.0,7.0,34940.0,54.0,2.0,3.0,8284.0,51.0,20400.0,2.0,2.0,1.0,6.0,4322.0,9516.0,46.5,0.0,0.0,138.0,74.0,7.0,7.0,0.0,16.0,,9.0,,0.0,1.0,1.0,4.0,6.0,7.0,6.0,9.0,1.0,10.0,0.0,0.0,0.0,4.0,100.0,25.0,1.0,0.0,84627.0,43224.0,17800.0,64227.0,,,,,,,,,,,,,
68436934,33.2,,0.0,1995-06-01,685.0,689.0,1.0,,,10.0,0.0,44807.0,94.9,19.0,0.0,,0.0,0.0,57655.0,1.0,1.0,0.0,1.0,24.0,6234.0,30.0,1.0,1.0,9973.0,77.0,47200.0,0.0,0.0,1.0,2.0,6406.0,1249.0,97.2,0.0,0.0,24.0,240.0,4.0,4.0,3.0,52.0,,4.0,,0.0,5.0,7.0,6.0,7.0,1.0,8.0,14.0,7.0,10.0,0.0,0.0,0.0,1.0,100.0,100.0,0.0,0.0,74779.0,57655.0,44400.0,20800.0,,,,,,,,,,,,,
68617057,29.28,,0.0,2001-08-01,720.0,724.0,0.0,,,18.0,0.0,24723.0,69.8,32.0,0.0,,0.0,0.0,224194.0,0.0,7.0,1.0,1.0,10.0,71557.0,81.0,1.0,2.0,8415.0,76.0,35400.0,0.0,1.0,1.0,3.0,12455.0,4286.0,84.9,0.0,0.0,172.0,171.0,12.0,10.0,1.0,12.0,,10.0,,0.0,6.0,7.0,7.0,12.0,14.0,10.0,17.0,7.0,18.0,0.0,0.0,0.0,2.0,100.0,71.4,0.0,0.0,256635.0,96280.0,28400.0,83810.0,,,,,,,,,,,,,
68536799,15.78,,0.0,2004-10-01,695.0,699.0,0.0,,,18.0,0.0,12958.0,52.5,33.0,0.0,,0.0,0.0,168304.0,2.0,9.0,2.0,3.0,2.0,27723.0,94.0,0.0,2.0,4958.0,75.0,24700.0,2.0,4.0,2.0,5.0,9350.0,4617.0,66.8,0.0,0.0,134.0,124.0,16.0,2.0,2.0,16.0,,7.0,,0.0,2.0,5.0,3.0,4.0,16.0,8.0,15.0,5.0,18.0,0.0,0.0,0.0,2.0,100.0,33.3,0.0,0.0,190694.0,40681.0,13900.0,29512.0,,,,,,,,,,,,,
68357012,13.24,,0.0,2002-12-01,670.0,674.0,0.0,,71.0,16.0,1.0,19029.0,41.4,33.0,0.0,,0.0,0.0,327836.0,0.0,2.0,0.0,1.0,14.0,8820.0,42.0,3.0,5.0,10538.0,42.0,46000.0,2.0,0.0,3.0,7.0,20490.0,10457.0,62.9,0.0,0.0,142.0,150.0,7.0,7.0,4.0,18.0,,11.0,,0.0,5.0,8.0,5.0,10.0,3.0,13.0,24.0,8.0,16.0,0.0,0.0,0.0,4.0,100.0,20.0,1.0,0.0,369112.0,27849.0,28200.0,21124.0,,,,,,,,,,,,,
68376217,20.43,,0.0,1986-08-01,660.0,664.0,0.0,47.0,,11.0,0.0,20594.0,94.9,24.0,0.0,47.0,0.0,1105.0,55048.0,1.0,3.0,0.0,0.0,25.0,34454.0,43.0,3.0,5.0,4871.0,54.0,21700.0,3.0,0.0,9.0,5.0,5505.0,1106.0,94.9,0.0,0.0,159.0,352.0,3.0,3.0,2.0,3.0,47.0,0.0,47.0,1.0,5.0,5.0,8.0,11.0,10.0,8.0,12.0,6.0,11.0,0.0,0.0,0.0,3.0,87.5,85.7,0.0,0.0,102524.0,55048.0,21700.0,80824.0,,,,,,,,,,,,,
68526942,25.63,,0.0,2002-11-01,660.0,664.0,0.0,,,14.0,0.0,31035.0,83.0,38.0,0.0,,0.0,0.0,238105.0,0.0,1.0,0.0,2.0,16.0,29947.0,81.0,2.0,3.0,9413.0,82.0,37400.0,2.0,2.0,3.0,7.0,18316.0,3924.0,87.7,0.0,0.0,150.0,157.0,11.0,9.0,2.0,17.0,,8.0,,0.0,7.0,9.0,7.0,17.0,5.0,11.0,31.0,9.0,14.0,0.0,0.0,0.0,3.0,100.0,85.7,0.0,0.0,253900.0,60982.0,32000.0,37192.0,,,,,,,,,,,,,
68396080,4.65,,0.0,2004-10-01,705.0,709.0,0.0,47.0,,16.0,0.0,7340.0,13.5,33.0,0.0,47.0,0.0,0.0,23522.0,0.0,1.0,1.0,2.0,7.0,16182.0,91.0,2.0,6.0,2990.0,33.0,54400.0,1.0,1.0,5.0,9.0,1470.0,38700.0,15.5,0.0,0.0,134.0,100.0,7.0,7.0,5.0,10.0,,3.0,,1.0,3.0,4.0,11.0,13.0,6.0,15.0,21.0,4.0,16.0,0.0,0.0,0.0,4.0,97.0,0.0,0.0,0.0,72150.0,23522.0,45800.0,17750.0,,,,,,,,,,,,,
68385794,10.17,,0.0,2006-10-01,670.0,674.0,0.0,,,7.0,0.0,12272.0,75.3,9.0,0.0,,0.0,0.0,12272.0,2.0,0.0,0.0,0.0,,0.0,,2.0,2.0,4917.0,75.0,16300.0,0.0,0.0,0.0,2.0,2045.0,347.0,96.6,0.0,0.0,,110.0,3.0,3.0,0.0,3.0,,21.0,,0.0,4.0,6.0,4.0,4.0,0.0,7.0,9.0,6.0,7.0,0.0,0.0,0.0,2.0,100.0,100.0,0.0,0.0,16300.0,12272.0,10300.0,0.0,,,,,,,,,,,,,
68374676,30.84,,0.0,2000-09-01,715.0,719.0,2.0,78.0,91.0,19.0,1.0,6118.0,26.6,36.0,0.0,78.0,0.0,0.0,65214.0,2.0,14.0,1.0,3.0,5.0,59096.0,94.0,1.0,1.0,4807.0,76.0,23000.0,5.0,0.0,7.0,4.0,3432.0,15310.0,28.1,0.0,0.0,183.0,162.0,3.0,3.0,0.0,3.0,,1.0,,1.0,3.0,4.0,3.0,5.0,28.0,4.0,8.0,4.0,19.0,0.0,0.0,0.0,2.0,96.9,0.0,1.0,0.0,85929.0,65214.0,21300.0,62929.0,,,,,,,,,,,,,
68547679,13.2,,0.0,2002-06-01,675.0,679.0,1.0,45.0,,9.0,0.0,15883.0,57.8,19.0,0.0,86.0,0.0,0.0,123863.0,1.0,2.0,1.0,2.0,11.0,12681.0,71.0,2.0,3.0,5431.0,63.0,27500.0,0.0,0.0,2.0,5.0,13763.0,11617.0,57.8,0.0,0.0,154.0,162.0,3.0,3.0,2.0,3.0,86.0,2.0,86.0,1.0,6.0,6.0,6.0,11.0,4.0,6.0,13.0,6.0,9.0,0.0,0.0,0.0,3.0,89.5,16.7,0.0,0.0,143748.0,28564.0,27500.0,17944.0,,,,,,,,,,,,,
68537594,13.73,,0.0,2012-02-01,685.0,689.0,0.0,,50.0,7.0,1.0,5552.0,41.1,10.0,0.0,,0.0,0.0,11665.0,0.0,1.0,0.0,1.0,13.0,6113.0,75.0,0.0,4.0,2361.0,54.0,13500.0,1.0,1.0,1.0,5.0,1666.0,5787.0,42.7,0.0,0.0,13.0,46.0,16.0,13.0,0.0,17.0,,11.0,,0.0,4.0,5.0,4.0,5.0,1.0,6.0,9.0,5.0,7.0,0.0,0.0,0.0,0.0,100.0,0.0,1.0,0.0,21690.0,11665.0,10100.0,8190.0,,,,,,,,,,,,,
68565856,11.98,,0.0,2001-06-01,800.0,804.0,2.0,,,5.0,0.0,7518.0,48.5,11.0,0.0,,0.0,0.0,40272.0,1.0,1.0,0.0,0.0,37.0,6600.0,40.0,1.0,1.0,7392.0,44.0,15500.0,1.0,0.0,2.0,1.0,8054.0,7982.0,48.5,0.0,0.0,165.0,174.0,4.0,4.0,2.0,4.0,,0.0,,0.0,2.0,2.0,3.0,5.0,3.0,3.0,6.0,2.0,5.0,0.0,0.0,0.0,1.0,100.0,33.3,0.0,0.0,69818.0,14118.0,15500.0,16318.0,,,,,,,,,,,,,
68367006,15.0,,0.0,2005-04-01,755.0,759.0,0.0,,,12.0,0.0,9488.0,20.1,31.0,0.0,,0.0,0.0,32193.0,0.0,2.0,0.0,1.0,17.0,22705.0,52.0,0.0,2.0,3906.0,35.0,47300.0,1.0,2.0,2.0,3.0,2927.0,13312.0,41.6,0.0,0.0,128.0,121.0,18.0,17.0,0.0,45.0,,0.0,,0.0,3.0,3.0,5.0,10.0,8.0,10.0,21.0,3.0,12.0,0.0,0.0,0.0,0.0,100.0,0.0,0.0,0.0,90996.0,32193.0,22800.0,43696.0,,,,,,,,,,,,,
68426699,29.15,,0.0,1994-09-01,750.0,754.0,0.0,74.0,,9.0,0.0,4851.0,23.8,23.0,0.0,,0.0,0.0,205155.0,1.0,3.0,1.0,4.0,3.0,36812.0,79.0,1.0,1.0,2776.0,62.0,20400.0,1.0,0.0,3.0,5.0,25644.0,9924.0,21.9,0.0,0.0,87.0,255.0,8.0,3.0,1.0,8.0,,3.0,,0.0,1.0,3.0,2.0,9.0,8.0,5.0,14.0,3.0,9.0,0.0,0.0,0.0,2.0,95.7,0.0,0.0,0.0,247433.0,41663.0,12700.0,46367.0,,,,,,,,,,,,,
68377020,20.18,,0.0,1993-04-01,775.0,779.0,1.0,35.0,,30.0,0.0,41593.0,21.4,47.0,0.0,,0.0,0.0,330562.0,1.0,1.0,0.0,0.0,54.0,55536.0,,2.0,6.0,2491.0,21.0,194800.0,1.0,1.0,3.0,6.0,13773.0,114609.0,4.2,0.0,0.0,141.0,272.0,2.0,2.0,2.0,2.0,,1.0,35.0,0.0,7.0,12.0,12.0,19.0,6.0,28.0,39.0,12.0,30.0,0.0,0.0,0.0,2.0,97.9,0.0,0.0,0.0,537200.0,97129.0,119600.0,94400.0,,,,,,,,,,,,,
68446746,15.3,,1.0,2007-09-01,700.0,704.0,0.0,19.0,,8.0,0.0,3172.0,17.2,19.0,0.0,,0.0,0.0,142615.0,0.0,1.0,0.0,2.0,17.0,6468.0,22.0,0.0,0.0,0.0,22.0,18400.0,2.0,6.0,1.0,3.0,17827.0,8500.0,0.0,0.0,0.0,99.0,60.0,35.0,9.0,2.0,37.0,19.0,11.0,19.0,0.0,0.0,3.0,2.0,3.0,10.0,5.0,6.0,3.0,8.0,0.0,0.0,0.0,1.0,94.7,0.0,0.0,0.0,183062.0,11146.0,8500.0,29053.0,,,,,,,,,,,,,
68537564,21.23,,0.0,1998-01-01,670.0,674.0,0.0,34.0,,28.0,0.0,11141.0,35.5,69.0,0.0,61.0,0.0,0.0,148154.0,2.0,2.0,0.0,1.0,13.0,136887.0,86.0,4.0,6.0,1984.0,49.0,31400.0,2.0,2.0,0.0,7.0,5926.0,1188.0,79.5,0.0,0.0,147.0,215.0,4.0,4.0,2.0,13.0,,13.0,34.0,1.0,3.0,11.0,3.0,6.0,21.0,25.0,45.0,12.0,27.0,0.0,0.0,0.0,4.0,97.1,100.0,0.0,0.0,168819.0,148154.0,5800.0,136996.0,,,,,,,,,,,,,
68446784,31.95,,3.0,2008-05-01,665.0,669.0,0.0,9.0,,16.0,0.0,11008.0,41.4,22.0,0.0,,0.0,230.0,31915.0,0.0,2.0,1.0,1.0,12.0,20907.0,64.0,1.0,2.0,3058.0,54.0,26600.0,2.0,0.0,4.0,3.0,2128.0,10671.0,49.7,0.0,0.0,64.0,91.0,10.0,10.0,0.0,10.0,9.0,2.0,9.0,0.0,7.0,8.0,10.0,11.0,3.0,14.0,19.0,8.0,16.0,0.0,0.0,0.0,2.0,90.5,20.0,0.0,0.0,59420.0,31915.0,21200.0,32820.0,,,,,,,,,,,,,
68376533,25.65,,0.0,2001-03-01,715.0,719.0,1.0,46.0,,12.0,0.0,7758.0,33.2,47.0,0.0,,0.0,0.0,304914.0,3.0,6.0,2.0,3.0,6.0,94902.0,76.0,2.0,3.0,4829.0,65.0,23400.0,1.0,3.0,3.0,7.0,25410.0,12642.0,38.0,0.0,0.0,177.0,175.0,6.0,6.0,1.0,6.0,46.0,6.0,46.0,0.0,2.0,2.0,4.0,15.0,24.0,5.0,21.0,2.0,12.0,0.0,0.0,0.0,5.0,97.8,50.0,0.0,0.0,335119.0,102660.0,20400.0,107522.0,,,,,,,,,,,,,
68476714,17.44,,0.0,1994-04-01,675.0,679.0,2.0,,81.0,12.0,1.0,6952.0,28.7,23.0,0.0,,0.0,194.0,407032.0,0.0,3.0,1.0,3.0,9.0,35380.0,82.0,0.0,1.0,4288.0,63.0,24200.0,2.0,1.0,8.0,4.0,33919.0,15532.0,29.4,0.0,0.0,260.0,129.0,16.0,9.0,1.0,16.0,,1.0,,0.0,3.0,4.0,7.0,10.0,8.0,8.0,14.0,4.0,12.0,0.0,0.0,0.0,1.0,100.0,28.6,1.0,0.0,457315.0,42332.0,22000.0,43306.0,,,,,,,,,,,,,
66615254,13.21,,1.0,2003-04-01,705.0,709.0,1.0,23.0,,8.0,0.0,7302.0,32.6,17.0,0.0,,0.0,0.0,7302.0,2.0,0.0,1.0,1.0,12.0,0.0,,3.0,4.0,5509.0,33.0,22400.0,2.0,0.0,3.0,5.0,913.0,9831.0,41.8,0.0,0.0,128.0,152.0,5.0,5.0,0.0,5.0,23.0,0.0,23.0,0.0,3.0,4.0,5.0,10.0,2.0,8.0,15.0,4.0,8.0,0.0,0.0,0.0,4.0,94.1,0.0,0.0,0.0,22400.0,7302.0,16900.0,0.0,,,,,,,,,,,,,
