column_name,dtype,policy_class,model_eligible_default,canonical_grain
loan_id,string,IDENTIFIER,False,accepted loan (loan_id)
loan_amnt,double,APPLICATION_TIME,True,accepted loan (loan_id)
issue_d,timestamp[ns],APPLICATION_TIME,True,accepted loan (loan_id)
purpose,string,APPLICATION_TIME,True,accepted loan (loan_id)
term_months,int64,APPLICATION_TIME,True,accepted loan (loan_id)
application_type,string,APPLICATION_TIME,True,accepted loan (loan_id)
emp_title,string,TEXT_HIGH_CARDINALITY,False,accepted loan (loan_id)
emp_length,string,APPLICATION_TIME,True,accepted loan (loan_id)
emp_length_years,double,APPLICATION_TIME,True,accepted loan (loan_id)
home_ownership,string,APPLICATION_TIME,True,accepted loan (loan_id)
annual_inc,double,APPLICATION_TIME,True,accepted loan (loan_id)
verification_status,string,APPLICATION_TIME,True,accepted loan (loan_id)
addr_state,string,GEOGRAPHY_ANALYTICS,False,accepted loan (loan_id)
state_code,string,GEOGRAPHY_ANALYTICS,False,accepted loan (loan_id)
zip_code,string,GEOGRAPHY_ANALYTICS,False,accepted loan (loan_id)
country,string,GEOGRAPHY_ANALYTICS,False,accepted loan (loan_id)
annual_inc_joint,double,APPLICATION_TIME,True,accepted loan (loan_id)
verification_status_joint,string,APPLICATION_TIME,True,accepted loan (loan_id)
dti,double,CREDIT_SNAPSHOT,True,accepted loan (loan_id)
dti_joint,double,CREDIT_SNAPSHOT,True,accepted loan (loan_id)
delinq_2yrs,double,CREDIT_SNAPSHOT,True,accepted loan (loan_id)
earliest_cr_line,timestamp[ns],CREDIT_SNAPSHOT,True,accepted loan (loan_id)
fico_range_low,double,CREDIT_SNAPSHOT,True,accepted loan (loan_id)
fico_range_high,double,CREDIT_SNAPSHOT,True,accepted loan (loan_id)
inq_last_6mths,double,CREDIT_SNAPSHOT,True,accepted loan (loan_id)
mths_since_last_delinq,double,CREDIT_SNAPSHOT,True,accepted loan (loan_id)
mths_since_last_record,double,CREDIT_SNAPSHOT,True,accepted loan (loan_id)
open_acc,double,CREDIT_SNAPSHOT,True,accepted loan (loan_id)
pub_rec,double,CREDIT_SNAPSHOT,True,accepted loan (loan_id)
revol_bal,double,CREDIT_SNAPSHOT,True,accepted loan (loan_id)
revol_util,double,CREDIT_SNAPSHOT,True,accepted loan (loan_id)
total_acc,double,CREDIT_SNAPSHOT,True,accepted loan (loan_id)
collections_12_mths_ex_med,double,CREDIT_SNAPSHOT,True,accepted loan (loan_id)
mths_since_last_major_derog,double,CREDIT_SNAPSHOT,True,accepted loan (loan_id)
acc_now_delinq,double,CREDIT_SNAPSHOT,True,accepted loan (loan_id)
tot_coll_amt,double,CREDIT_SNAPSHOT,True,accepted loan (loan_id)
tot_cur_bal,double,CREDIT_SNAPSHOT,True,accepted loan (loan_id)
open_acc_6m,double,CREDIT_SNAPSHOT,True,accepted loan (loan_id)
open_act_il,double,CREDIT_SNAPSHOT,True,accepted loan (loan_id)
open_il_12m,double,CREDIT_SNAPSHOT,True,accepted loan (loan_id)
open_il_24m,double,CREDIT_SNAPSHOT,True,accepted loan (loan_id)
mths_since_rcnt_il,double,CREDIT_SNAPSHOT,True,accepted loan (loan_id)
total_bal_il,double,CREDIT_SNAPSHOT,True,accepted loan (loan_id)
il_util,double,CREDIT_SNAPSHOT,True,accepted loan (loan_id)
open_rv_12m,double,CREDIT_SNAPSHOT,True,accepted loan (loan_id)
open_rv_24m,double,CREDIT_SNAPSHOT,True,accepted loan (loan_id)
max_bal_bc,double,CREDIT_SNAPSHOT,True,accepted loan (loan_id)
all_util,double,CREDIT_SNAPSHOT,True,accepted loan (loan_id)
total_rev_hi_lim,double,CREDIT_SNAPSHOT,True,accepted loan (loan_id)
inq_fi,double,CREDIT_SNAPSHOT,True,accepted loan (loan_id)
total_cu_tl,double,CREDIT_SNAPSHOT,True,accepted loan (loan_id)
inq_last_12m,double,CREDIT_SNAPSHOT,True,accepted loan (loan_id)
acc_open_past_24mths,double,CREDIT_SNAPSHOT,True,accepted loan (loan_id)
avg_cur_bal,double,CREDIT_SNAPSHOT,True,accepted loan (loan_id)
bc_open_to_buy,double,CREDIT_SNAPSHOT,True,accepted loan (loan_id)
bc_util,double,CREDIT_SNAPSHOT,True,accepted loan (loan_id)
chargeoff_within_12_mths,double,CREDIT_SNAPSHOT,True,accepted loan (loan_id)
delinq_amnt,double,CREDIT_SNAPSHOT,True,accepted loan (loan_id)
mo_sin_old_il_acct,double,CREDIT_SNAPSHOT,True,accepted loan (loan_id)
mo_sin_old_rev_tl_op,double,CREDIT_SNAPSHOT,True,accepted loan (loan_id)
mo_sin_rcnt_rev_tl_op,double,CREDIT_SNAPSHOT,True,accepted loan (loan_id)
mo_sin_rcnt_tl,double,CREDIT_SNAPSHOT,True,accepted loan (loan_id)
mort_acc,double,CREDIT_SNAPSHOT,True,accepted loan (loan_id)
mths_since_recent_bc,double,CREDIT_SNAPSHOT,True,accepted loan (loan_id)
mths_since_recent_bc_dlq,double,CREDIT_SNAPSHOT,True,accepted loan (loan_id)
mths_since_recent_inq,double,CREDIT_SNAPSHOT,True,accepted loan (loan_id)
mths_since_recent_revol_delinq,double,CREDIT_SNAPSHOT,True,accepted loan (loan_id)
num_accts_ever_120_pd,double,CREDIT_SNAPSHOT,True,accepted loan (loan_id)
num_actv_bc_tl,double,CREDIT_SNAPSHOT,True,accepted loan (loan_id)
num_actv_rev_tl,double,CREDIT_SNAPSHOT,True,accepted loan (loan_id)
num_bc_sats,double,CREDIT_SNAPSHOT,True,accepted loan (loan_id)
num_bc_tl,double,CREDIT_SNAPSHOT,True,accepted loan (loan_id)
num_il_tl,double,CREDIT_SNAPSHOT,True,accepted loan (loan_id)
num_op_rev_tl,double,CREDIT_SNAPSHOT,True,accepted loan (loan_id)
num_rev_accts,double,CREDIT_SNAPSHOT,True,accepted loan (loan_id)
num_rev_tl_bal_gt_0,double,CREDIT_SNAPSHOT,True,accepted loan (loan_id)
num_sats,double,CREDIT_SNAPSHOT,True,accepted loan (loan_id)
num_tl_120dpd_2m,double,CREDIT_SNAPSHOT,True,accepted loan (loan_id)
num_tl_30dpd,double,CREDIT_SNAPSHOT,True,accepted loan (loan_id)
num_tl_90g_dpd_24m,double,CREDIT_SNAPSHOT,True,accepted loan (loan_id)
num_tl_op_past_12m,double,CREDIT_SNAPSHOT,True,accepted loan (loan_id)
pct_tl_nvr_dlq,double,CREDIT_SNAPSHOT,True,accepted loan (loan_id)
percent_bc_gt_75,double,CREDIT_SNAPSHOT,True,accepted loan (loan_id)
pub_rec_bankruptcies,double,CREDIT_SNAPSHOT,True,accepted loan (loan_id)
tax_liens,double,CREDIT_SNAPSHOT,True,accepted loan (loan_id)
tot_hi_cred_lim,double,CREDIT_SNAPSHOT,True,accepted loan (loan_id)
total_bal_ex_mort,double,CREDIT_SNAPSHOT,True,accepted loan (loan_id)
total_bc_limit,double,CREDIT_SNAPSHOT,True,accepted loan (loan_id)
total_il_high_credit_limit,double,CREDIT_SNAPSHOT,True,accepted loan (loan_id)
revol_bal_joint,double,CREDIT_SNAPSHOT,True,accepted loan (loan_id)
sec_app_fico_range_low,double,CREDIT_SNAPSHOT,True,accepted loan (loan_id)
sec_app_fico_range_high,double,CREDIT_SNAPSHOT,True,accepted loan (loan_id)
sec_app_earliest_cr_line,timestamp[ns],CREDIT_SNAPSHOT,True,accepted loan (loan_id)
sec_app_inq_last_6mths,double,CREDIT_SNAPSHOT,True,accepted loan (loan_id)
sec_app_mort_acc,double,CREDIT_SNAPSHOT,True,accepted loan (loan_id)
sec_app_open_acc,double,CREDIT_SNAPSHOT,True,accepted loan (loan_id)
sec_app_revol_util,double,CREDIT_SNAPSHOT,True,accepted loan (loan_id)
sec_app_open_act_il,double,CREDIT_SNAPSHOT,True,accepted loan (loan_id)
sec_app_num_rev_accts,double,CREDIT_SNAPSHOT,True,accepted loan (loan_id)
sec_app_chargeoff_within_12_mths,double,CREDIT_SNAPSHOT,True,accepted loan (loan_id)
