state_code,country
AK,United States
AL,United States
AR,United States
AZ,United States
CA,United States
CO,United States
CT,United States
DC,United States
DE,United States
FL,United States
GA,United States
HI,United States
IA,United States
ID,United States
IL,United States
IN,United States
KS,United States
KY,United States
LA,United States
MA,United States
MD,United States
ME,United States
MI,United States
MN,United States
MO,United States
MS,United States
MT,United States
NC,United States
ND,United States
NE,United States
NH,United States
NJ,United States
NM,United States
NV,United States
NY,United States
OH,United States
OK,United States
OR,United States
PA,United States
RI,United States
SC,United States
SD,United States
TN,United States
TX,United States
UT,United States
VA,United States
VT,United States
WA,United States
WI,United States
WV,United States
WY,United States
