loan_id,loan_status,out_prncp,out_prncp_inv,total_pymnt,total_pymnt_inv,total_rec_prncp,total_rec_int,total_rec_late_fee,recoveries,collection_recovery_fee,last_pymnt_d,last_pymnt_amnt,next_pymnt_d,last_credit_pull_d,last_fico_range_high,last_fico_range_low,hardship_flag,hardship_type,hardship_reason,hardship_status,deferral_term,hardship_amount,hardship_start_date,hardship_end_date,payment_plan_start_date,hardship_length,hardship_dpd,hardship_loan_status,orig_projected_additional_accrued_interest,hardship_payoff_balance_amount,hardship_last_payment_amount,debt_settlement_flag,debt_settlement_flag_date,settlement_status,settlement_date,settlement_amount,settlement_percentage,settlement_term,target
68407277,Fully Paid,0.0,0.0,4421.723916800001,4421.72,3600.0,821.72,0.0,0.0,0.0,2019-01-01,122.67,,2019-03-01,564.0,560.0,N,,,,,,,,,,,,,,,N,,,,,,,0
68355089,Fully Paid,0.0,0.0,25679.66,25679.66,24700.0,979.66,0.0,0.0,0.0,2016-06-01,926.35,,2019-03-01,699.0,695.0,N,,,,,,,,,,,,,,,N,,,,,,,0
68341763,Fully Paid,0.0,0.0,22705.9242938784,22705.92,20000.0,2705.92,0.0,0.0,0.0,2017-06-01,15813.3,,2019-03-01,704.0,700.0,N,,,,,,,,,,,,,,,N,,,,,,,0
66310712,Current,15897.65,15897.65,31464.01,31464.01,19102.35,12361.66,0.0,0.0,0.0,2019-02-01,829.9,2019-04-01,2019-03-01,679.0,675.0,N,,,,,,,,,,,,,,,N,,,,,,,
68476807,Fully Paid,0.0,0.0,11740.5,11740.5,10400.0,1340.5,0.0,0.0,0.0,2016-07-01,10128.96,,2018-03-01,704.0,700.0,N,,,,,,,,,,,,,,,N,,,,,,,0
68426831,Fully Paid,0.0,0.0,13708.9485297572,13708.95,11950.0,1758.95,0.0,0.0,0.0,2017-05-01,7653.56,,2017-05-01,759.0,755.0,N,,,,,,,,,,,,,,,N,,,,,,,0
68476668,Fully Paid,0.0,0.0,21393.800000011,21393.8,20000.0,1393.8,0.0,0.0,0.0,2016-11-01,15681.05,,2019-03-01,654.0,650.0,N,,,,,,,,,,,,,,,N,,,,,,,0
67275481,Fully Paid,0.0,0.0,21538.508976797,21538.51,20000.0,1538.51,0.0,0.0,0.0,2017-01-01,14618.23,,2019-03-01,674.0,670.0,N,,,,,,,,,,,,,,,N,,,,,,,0
68466926,Fully Paid,0.0,0.0,10998.9715749644,10998.97,10000.0,998.97,0.0,0.0,0.0,2018-08-01,1814.48,,2019-03-01,719.0,715.0,N,,,,,,,,,,,,,,,N,,,,,,,0
68616873,Fully Paid,0.0,0.0,8939.5805031401,8939.58,8000.0,939.58,0.0,0.0,0.0,2017-04-01,4996.24,,2018-11-01,679.0,675.0,N,,,,,,,,,,,,,,,N,,,,,,,0
68356421,Current,9912.88,9912.88,19275.33,19275.33,12487.12,6788.21,0.0,0.0,0.0,2019-02-01,508.3,2019-04-01,2019-03-01,589.0,585.0,N,,,,,,,,,,,,,,,N,,,,,,,
68426545,Current,7080.7,7080.7,13768.04,13768.04,8919.3,4848.74,0.0,0.0,0.0,2019-02-01,363.07,2019-04-01,2019-03-01,754.0,750.0,N,,,,,,,,,,,,,,,N,,,,,,,
68338832,Fully Paid,0.0,0.0,1575.160697674,1575.16,1400.0,175.16,0.0,0.0,0.0,2017-03-01,965.36,,2018-09-01,704.0,700.0,N,,,,,,,,,,,,,,,N,,,,,,,0
66624733,Charged Off,0.0,0.0,9452.74,9452.74,3481.86,4351.98,0.0,1618.9,291.402,2017-05-01,471.7,,2017-11-01,584.0,580.0,N,,,,,,,,,,,,,,,N,,,,,,,1
68466961,Fully Paid,0.0,0.0,29939.017729337003,29939.02,28000.0,1939.02,0.0,0.0,0.0,2017-05-01,17093.51,,2019-03-01,764.0,760.0,N,,,,,,,,,,,,,,,N,,,,,,,0
68354783,Fully Paid,0.0,0.0,10636.0984276928,10636.1,9600.0,1036.1,0.0,0.0,0.0,2018-02-01,3480.17,,2018-08-01,779.0,775.0,N,,,,,,,,,,,,,,,N,,,,,,,0
68466916,Fully Paid,0.0,0.0,26224.23,26224.23,25000.0,1224.23,0.0,0.0,0.0,2016-09-01,20807.39,,2017-04-01,724.0,720.0,N,,,,,,,,,,,,,,,N,,,,,,,0
68577849,Fully Paid,0.0,0.0,18387.22,18387.22,18000.0,387.22,0.0,0.0,0.0,2016-03-01,18004.9,,2019-03-01,794.0,790.0,N,,,,,,,,,,,,,,,N,,,,,,,0
68506798,Current,9580.2,9580.2,17900.14,17900.14,13419.8,4480.34,0.0,0.0,0.0,2019-02-01,471.77,2019-04-01,2019-03-01,744.0,740.0,N,,,,,,,,,,,,,,,N,,,,,,,
68495092,Fully Paid,0.0,0.0,9190.49,9190.49,8650.0,540.49,0.0,0.0,0.0,2016-05-01,8251.42,,2016-06-01,639.0,635.0,N,,,,,,,,,,,,,,,N,,,,,,,0
68566886,Fully Paid,0.0,0.0,34033.2141762065,34033.21,29900.0,4133.21,0.0,0.0,0.0,2017-03-01,25234.24,,2018-01-01,719.0,715.0,N,,,,,,,,,,,,,,,N,,,,,,,0
68009401,Fully Paid,0.0,0.0,19498.0921090548,19498.09,16000.0,3498.09,0.0,0.0,0.0,2017-09-01,12322.68,,2017-09-01,664.0,660.0,N,,,,,,,,,,,,,,,N,,,,,,,0
68476702,Fully Paid,0.0,0.0,33320.393323799,33320.39,28000.0,5320.39,0.0,0.0,0.0,2017-12-01,12486.3,,2019-03-01,744.0,740.0,N,,,,,,,,,,,,,,,N,,,,,,,0
68436666,Fully Paid,0.0,0.0,6117.4531971568,6117.45,5000.0,1117.45,0.0,0.0,0.0,2019-01-01,169.17,,2019-03-01,659.0,655.0,N,,,,,,,,,,,,,,,N,,,,,,,0
68476715,Fully Paid,0.0,0.0,6711.710106701999,6711.71,6000.0,711.71,0.0,0.0,0.0,2019-01-01,186.6,,2019-03-01,719.0,715.0,N,,,,,,,,,,,,,,,N,,,,,,,0
67849662,Charged Off,0.0,0.0,2558.87,2558.87,1536.9,653.6,0.0,368.37,66.3066,2017-04-01,146.16,,2017-12-01,499.0,0.0,N,,,,,,,,,,,,,,,N,,,,,,,1
68596180,Fully Paid,0.0,0.0,21631.7243289042,21631.72,20000.0,1631.72,0.0,0.0,0.0,2018-08-01,3577.5,,2018-08-01,809.0,805.0,N,,,,,,,,,,,,,,,N,,,,,,,0
68526907,Fully Paid,0.0,0.0,17471.57,17471.57,16000.0,1471.57,0.0,0.0,0.0,2016-07-01,15481.3,,2016-07-01,679.0,675.0,N,,,,,,,,,,,,,,,N,,,,,,,0
68607141,Fully Paid,0.0,0.0,18305.08,18305.08,17600.0,705.08,0.0,0.0,0.0,2016-11-01,17.88,,2018-08-01,779.0,775.0,N,,,,,,,,,,,,,,,N,,,,,,,0
68526883,Fully Paid,0.0,0.0,16280.5624758564,16280.56,15000.0,1257.97,22.59,0.0,0.0,2019-01-01,455.59,,2019-01-01,694.0,690.0,N,,,,,,,,,,,,,,,N,,,,,,,0
67715283,Charged Off,0.0,0.0,17396.63,17396.63,13833.12,3402.05,161.46,0.0,0.0,2018-11-01,565.09,,2019-03-01,629.0,625.0,N,,,,,,,,,,,,,,,N,,,,,,,1
68341789,Charged Off,0.0,0.0,4124.42,4124.42,1332.69,2791.73,0.0,0.0,0.0,2016-07-01,701.01,,2018-03-01,499.0,0.0,N,,,,,,,,,,,,,,,N,,,,,,,1
68533595,Fully Paid,0.0,0.0,13349.6655894541,13349.67,12000.0,1349.67,0.0,0.0,0.0,2017-04-01,7884.96,,2017-06-01,754.0,750.0,N,,,,,,,,,,,,,,,N,,,,,,,0
68415473,Charged Off,0.0,0.0,14490.92,14490.92,8364.55,6126.37,0.0,0.0,0.0,2018-02-01,581.58,,2019-03-01,604.0,600.0,N,,,,,,,,,,,,,,,N,,,,,,,1
68537655,Current,7434.43,7434.43,14456.69,14456.69,9365.57,5091.12,0.0,0.0,0.0,2019-02-01,381.23,2019-04-01,2017-11-01,759.0,755.0,N,,,,,,,,,,,,,,,N,,,,,,,
68446769,Fully Paid,0.0,0.0,7806.099471192901,7806.1,7000.0,806.1,0.0,0.0,0.0,2018-10-01,425.19,,2019-03-01,769.0,765.0,N,,,,,,,,,,,,,,,N,,,,,,,0
68367011,Fully Paid,0.0,0.0,27285.807861269102,27285.81,21000.0,6285.81,0.0,0.0,0.0,2018-08-01,12548.3,,2019-03-01,699.0,695.0,N,,,,,,,,,,,,,,,N,,,,,,,0
68407301,Fully Paid,0.0,0.0,29753.17,29753.17,27500.0,2253.17,0.0,0.0,0.0,2016-08-01,25897.53,,2016-07-01,734.0,730.0,N,,,,,,,,,,,,,,,N,,,,,,,0
68356614,Fully Paid,0.0,0.0,8253.8619255616,8253.86,7200.0,1053.86,0.0,0.0,0.0,2017-09-01,3755.5,,2019-02-01,739.0,735.0,N,,,,,,,,,,,,,,,N,,,,,,,0
68426865,Fully Paid,0.0,0.0,24889.013358121,24889.01,20000.0,4889.01,0.0,0.0,0.0,2018-12-01,1407.7,,2018-12-01,694.0,690.0,N,,,,,,,,,,,,,,,N,,,,,,,0
68476676,Fully Paid,0.0,0.0,21780.5867830477,21780.59,20000.0,1780.59,0.0,0.0,0.0,2016-12-01,2815.6,,2019-03-01,659.0,655.0,N,,,,,,,,,,,,,,,N,,,,,,,0
68566951,Charged Off,0.0,0.0,5558.2,5558.2,2687.15,2871.05,0.0,0.0,0.0,2017-11-01,253.78,,2018-02-01,524.0,520.0,N,,,,,,,,,,,,,,,N,,,,,,,1
68615044,Current,7186.06,7186.06,14112.89,14112.89,8813.94,5298.95,0.0,0.0,0.0,2019-02-01,372.21,2019-04-01,2019-03-01,689.0,685.0,N,,,,,,,,,,,,,,,N,,,,,,,
68527009,Fully Paid,0.0,0.0,21918.8165025628,21918.82,20000.0,1918.82,0.0,0.0,0.0,2017-03-01,13580.93,,2019-03-01,799.0,795.0,N,,,,,,,,,,,,,,,N,,,,,,,0
68547583,Fully Paid,0.0,0.0,9263.8493330869,9263.85,8650.0,613.85,0.0,0.0,0.0,2017-12-01,2.08,,2018-11-01,774.0,770.0,N,,,,,,,,,,,,,,,N,,,,,,,0
68587709,Fully Paid,0.0,0.0,24473.2276218388,24473.23,21000.0,3473.23,0.0,0.0,0.0,2017-05-01,17274.03,,2019-03-01,719.0,715.0,N,,,,,,,,,,,,,,,N,,,,,,,0
68446771,Fully Paid,0.0,0.0,8894.319824248001,8894.32,7200.0,1694.32,0.0,0.0,0.0,2018-03-01,2602.09,,2018-02-01,689.0,685.0,N,,,,,,,,,,,,,,,N,,,,,,,0
66796130,Fully Paid,0.0,0.0,9852.877877179,9852.88,8800.0,1052.88,0.0,0.0,0.0,2017-08-01,4768.52,,2017-08-01,709.0,705.0,N,,,,,,,,,,,,,,,N,,,,,,,0
68617034,Current,7142.25,7142.25,14908.17,14908.17,7507.75,7400.42,0.0,0.0,0.0,2019-03-01,392.23,2019-04-01,2019-03-01,719.0,715.0,N,,,,,,,,,,,,,,,N,,,,,,,
68387134,Fully Paid,0.0,0.0,3213.2994112426,3213.3,2500.0,713.3,0.0,0.0,0.0,2018-11-01,266.79,,2019-02-01,669.0,665.0,N,,,,,,,,,,,,,,,N,,,,,,,0
68566925,Fully Paid,0.0,0.0,12610.028752448,12610.03,11000.0,1610.03,0.0,0.0,0.0,2019-01-01,350.59,,2018-12-01,704.0,700.0,N,,,,,,,,,,,,,,,N,,,,,,,0
68516838,Current,11174.25,11174.25,22610.21,22610.21,12675.75,9934.46,0.0,0.0,0.0,2019-03-01,596.21,2019-04-01,2019-03-01,614.0,610.0,N,,,,,,,,,,,,,,,N,,,,,,,
68476697,Current,7292.63,7292.63,14659.94,14659.94,8407.37,6252.57,0.0,0.0,0.0,2019-02-01,386.74,2019-04-01,2019-03-01,649.0,645.0,N,,,,,,,,,,,,,,,N,,,,,,,
68566856,Current,12593.27,12593.27,24291.04,24291.04,16206.73,8084.31,0.0,0.0,0.0,2019-02-01,640.5,2019-04-01,2019-03-01,804.0,800.0,N,,,,,,,,,,,,,,,N,,,,,,,
68543413,Fully Paid,0.0,0.0,11316.8901896649,11316.89,10000.0,1316.89,0.0,0.0,0.0,2017-03-01,6961.97,,2018-12-01,594.0,590.0,N,,,,,,,,,,,,,,,N,,,,,,,0
68366663,Current,10182.57,10182.57,19255.37,19255.37,13817.43,5437.94,0.0,0.0,0.0,2019-02-01,507.58,2019-04-01,2019-03-01,814.0,810.0,N,,,,,,,,,,,,,,,N,,,,,,,
68416916,Fully Paid,0.0,0.0,39607.4518757083,39607.45,28000.0,11607.45,0.0,0.0,0.0,2018-10-01,16687.04,,2019-03-01,694.0,690.0,N,,,,,,,,,,,,,,,N,,,,,,,0
68444620,Fully Paid,0.0,0.0,44358.9106977021,44358.91,35000.0,9358.91,0.0,0.0,0.0,2018-12-01,17952.27,,2019-03-01,724.0,720.0,N,,,,,,,,,,,,,,,N,,,,,,,0
68082535,Fully Paid,0.0,0.0,7598.05,7598.05,7200.0,398.05,0.0,0.0,0.0,2016-08-01,6206.89,,2019-03-01,634.0,630.0,N,,,,,,,,,,,,,,,N,,,,,,,0
68466995,Fully Paid,0.0,0.0,11255.154658058998,11255.15,10000.0,1255.15,0.0,0.0,0.0,2019-01-01,312.89,,2019-03-01,699.0,695.0,N,,,,,,,,,,,,,,,N,,,,,,,0
68584507,Charged Off,0.0,0.0,4382.17,4382.17,2406.29,1975.88,0.0,0.0,0.0,2017-01-01,367.67,,2017-05-01,499.0,0.0,N,,,,,,,,,,,,,,,N,,,,,,,1
68466924,Fully Paid,0.0,0.0,25851.272805365097,25851.27,21875.0,3976.27,0.0,0.0,0.0,2018-03-01,7662.31,,2018-08-01,774.0,770.0,N,,,,,,,,,,,,,,,N,,,,,,,0
68367009,Fully Paid,0.0,0.0,16341.3907923605,16341.39,14025.0,2316.39,0.0,0.0,0.0,2016-12-01,12764.01,,2019-02-01,694.0,690.0,N,,,,,,,,,,,,,,,N,,,,,,,0
68475450,Charged Off,0.0,0.0,22968.61,22968.61,10323.88,7086.13,0.0,5558.6,1000.548,2017-11-01,794.21,,2019-03-01,504.0,500.0,N,,,,,,,,,,,,,,,N,,,,,,,1
68525943,Fully Paid,0.0,0.0,24273.8783944989,24273.88,20000.0,4206.6,67.28,0.0,0.0,2019-03-01,764.11,,2019-03-01,609.0,605.0,N,,,,,,,,,,,,,,,N,,,,,,,0
68340446,Charged Off,0.0,0.0,7458.9,7458.9,3175.67,2770.73,16.6,1495.9,269.262,2017-07-01,331.96,,2017-12-01,514.0,510.0,N,,,,,,,,,,,,,,,N,,,,,,,1
68615169,In Grace Period,6664.39,6664.39,12430.1,12430.1,9335.61,3094.49,0.0,0.0,0.0,2019-02-01,328.19,2019-04-01,2019-03-01,694.0,690.0,N,,,,,,,,,,,,,,,N,,,,,,,
68397043,Current,12718.12,12718.12,25171.21,25171.21,15281.88,9889.33,0.0,0.0,0.0,2019-02-01,663.92,2019-04-01,2019-03-01,664.0,660.0,N,,,,,,,,,,,,,,,N,,,,,,,
68506862,Charged Off,0.0,0.0,15473.02,15473.02,2965.17,2592.85,0.0,9915.0,1784.7,2017-01-01,465.27,,2018-08-01,624.0,620.0,N,,,,,,,,,,,,,,,Y,2017-11-01,COMPLETE,2017-09-01,9915.0,55.0,1.0,1
68341799,Current,8517.69,8517.69,17629.74,17629.74,9082.31,8547.43,0.0,0.0,0.0,2019-02-01,465.22,2019-04-01,2019-03-01,684.0,680.0,N,,,,,,,,,,,,,,,N,,,,,,,
68487261,Fully Paid,0.0,0.0,5118.759264685999,5118.76,4200.0,918.76,0.0,0.0,0.0,2019-01-01,142.25,,2019-03-01,719.0,715.0,N,,,,,,,,,,,,,,,N,,,,,,,0
68597047,Fully Paid,0.0,0.0,21165.0373511115,21165.04,19000.0,2165.04,0.0,0.0,0.0,2017-02-01,10797.99,,2018-02-01,779.0,775.0,N,,,,,,,,,,,,,,,N,,,,,,,0
68366999,Fully Paid,0.0,0.0,21481.2609462612,21481.26,15850.0,5631.26,0.0,0.0,0.0,2017-09-01,13019.99,,2018-02-01,744.0,740.0,N,,,,,,,,,,,,,,,N,,,,,,,0
68506885,Current,4372.47,4372.47,8434.55,8434.55,5627.53,2807.02,0.0,0.0,0.0,2019-02-01,222.4,2019-04-01,2019-03-01,754.0,750.0,N,,,,,,,,,,,,,,,N,,,,,,,
68394562,Fully Paid,0.0,0.0,33903.7657387675,33903.77,30000.0,3903.77,0.0,0.0,0.0,2016-12-01,23456.38,,2017-09-01,734.0,730.0,N,,,,,,,,,,,,,,,N,,,,,,,0
68416953,Fully Paid,0.0,0.0,1598.9833648167998,1598.98,1500.0,98.98,0.0,0.0,0.0,2017-04-01,956.75,,2019-03-01,739.0,735.0,N,,,,,,,,,,,,,,,N,,,,,,,0
68587652,Fully Paid,0.0,0.0,27033.110864247403,27033.11,25000.0,2033.11,0.0,0.0,0.0,2018-12-01,752.86,,2018-12-01,784.0,780.0,N,,,,,,,,,,,,,,,N,,,,,,,0
68407333,Current,7245.32,7245.32,14159.25,14159.25,9004.68,5154.57,0.0,0.0,0.0,2019-02-01,373.41,2019-04-01,2019-03-01,714.0,710.0,N,,,,,,,,,,,,,,,N,,,,,,,
68466066,Charged Off,0.0,0.0,9278.43,9278.43,4258.61,5019.82,0.0,0.0,0.0,2017-07-01,518.35,,2017-11-01,564.0,560.0,N,,,,,,,,,,,,,,,N,,,,,,,1
68436934,Charged Off,0.0,0.0,3928.86,3928.86,1478.13,2450.73,0.0,0.0,0.0,2016-07-01,633.73,,2017-02-01,519.0,515.0,N,,,,,,,,,,,,,,,N,,,,,,,1
68617057,Fully Paid,0.0,0.0,18520.2766026076,18520.28,15000.0,3520.28,0.0,0.0,0.0,2019-02-01,2536.24,,2019-03-01,704.0,700.0,N,,,,,,,,,,,,,,,N,,,,,,,0
68536799,Fully Paid,0.0,0.0,11289.9506881354,11289.95,10000.0,1289.95,0.0,0.0,0.0,2017-07-01,5756.97,,2018-12-01,714.0,710.0,N,,,,,,,,,,,,,,,N,,,,,,,0
68357012,Fully Paid,0.0,0.0,15657.93,15657.93,15000.0,657.93,0.0,0.0,0.0,2016-07-01,13308.37,,2018-05-01,734.0,730.0,N,,,,,,,,,,,,,,,N,,,,,,,0
68376217,Charged Off,0.0,0.0,5305.12,5305.12,1158.07,1868.46,0.0,2278.59,410.1462,2016-06-01,618.46,,2016-12-01,584.0,580.0,N,,,,,,,,,,,,,,,N,,,,,,,1
68526942,Charged Off,0.0,0.0,8727.52,8727.52,5569.98,3157.54,0.0,0.0,0.0,2016-10-01,977.0,,2018-05-01,524.0,520.0,N,,,,,,,,,,,,,,,N,,,,,,,1
68396080,Fully Paid,0.0,0.0,26482.58,26482.58,25000.0,1482.58,0.0,0.0,0.0,2016-07-01,23774.59,,2019-01-01,709.0,705.0,N,,,,,,,,,,,,,,,N,,,,,,,0
68385794,Fully Paid,0.0,0.0,17653.9020923722,17653.9,15000.0,2653.9,0.0,0.0,0.0,2018-11-01,1464.61,,2018-12-01,724.0,720.0,N,,,,,,,,,,,,,,,N,,,,,,,0
68374676,Fully Paid,0.0,0.0,10757.52,10757.52,10000.0,757.52,0.0,0.0,0.0,2016-06-01,9795.24,,2018-04-01,559.0,555.0,N,,,,,,,,,,,,,,,N,,,,,,,0
68547679,Fully Paid,0.0,0.0,21912.0029878217,21912.0,18500.0,3412.0,0.0,0.0,0.0,2017-08-01,14388.69,,2017-08-01,724.0,720.0,N,,,,,,,,,,,,,,,N,,,,,,,0
68537594,Fully Paid,0.0,0.0,5627.559926071999,5627.56,5000.0,627.56,0.0,0.0,0.0,2019-01-01,156.25,,2019-03-01,659.0,655.0,N,,,,,,,,,,,,,,,N,,,,,,,0
68565856,Fully Paid,0.0,0.0,10232.9087061272,10232.91,9000.0,1232.91,0.0,0.0,0.0,2019-01-01,167.11,,2019-01-01,589.0,585.0,N,,,,,,,,,,,,,,,N,,,,,,,0
68367006,Fully Paid,0.0,0.0,11513.41,11513.41,11000.0,513.41,0.0,0.0,0.0,2016-10-01,8826.61,,2019-02-01,694.0,690.0,N,,,,,,,,,,,,,,,N,,,,,,,0
68426699,Fully Paid,0.0,0.0,22045.971550316,22045.97,20000.0,2045.97,0.0,0.0,0.0,2019-01-01,612.85,,2019-03-01,749.0,745.0,N,,,,,,,,,,,,,,,N,,,,,,,0
68377020,Fully Paid,0.0,0.0,16241.2754893718,16241.28,15000.0,1241.28,0.0,0.0,0.0,2018-09-01,2244.3,,2018-09-01,799.0,795.0,N,,,,,,,,,,,,,,,N,,,,,,,0
68446746,Fully Paid,0.0,0.0,12463.54,12463.54,12000.0,463.54,0.0,0.0,0.0,2016-11-01,9219.99,,2018-12-01,499.0,0.0,N,,,,,,,,,,,,,,,N,,,,,,,0
68537564,Fully Paid,0.0,0.0,9257.1024582076,9257.1,8000.0,1257.1,0.0,0.0,0.0,2018-03-01,252.27,,2019-03-01,769.0,765.0,N,,,,,,,,,,,,,,,N,,,,,,,0
68446784,Fully Paid,0.0,0.0,13096.7322266628,13096.73,12000.0,1096.73,0.0,0.0,0.0,2017-01-01,8659.7,,2019-02-01,524.0,520.0,N,,,,,,,,,,,,,,,N,,,,,,,0
68376533,Fully Paid,0.0,0.0,19771.097252642,19771.1,18000.0,1771.1,0.0,0.0,0.0,2017-10-01,8073.57,,2019-02-01,529.0,525.0,N,,,,,,,,,,,,,,,N,,,,,,,0
68476714,Fully Paid,0.0,0.0,4049.625086803,4049.63,3600.0,449.63,0.0,0.0,0.0,2017-05-01,2275.17,,2019-01-01,729.0,725.0,N,,,,,,,,,,,,,,,N,,,,,,,0
66615254,Charged Off,0.0,0.0,3767.42,3767.42,2002.17,1041.44,0.0,723.81,130.2858,2016-12-01,257.67,,2018-07-01,549.0,545.0,N,,,,,,,,,,,,,,,Y,2018-05-01,BROKEN,2017-11-01,2761.0,50.01,10.0,1
