loan_id,loan_amnt,issue_d,purpose,term_months,application_type
68407277,3600.0,2015-12-01,debt_consolidation,36,Individual
68355089,24700.0,2015-12-01,small_business,36,Individual
68341763,20000.0,2015-12-01,home_improvement,60,Joint App
66310712,35000.0,2015-12-01,debt_consolidation,60,Individual
68476807,10400.0,2015-12-01,major_purchase,60,Individual
68426831,11950.0,2015-12-01,debt_consolidation,36,Individual
68476668,20000.0,2015-12-01,debt_consolidation,36,Individual
67275481,20000.0,2015-12-01,major_purchase,36,Individual
68466926,10000.0,2015-12-01,credit_card,36,Individual
68616873,8000.0,2015-12-01,credit_card,36,Individual
68356421,22400.0,2015-12-01,debt_consolidation,60,Individual
68426545,16000.0,2015-12-01,debt_consolidation,60,Individual
68338832,1400.0,2015-12-01,other,36,Individual
66624733,18000.0,2015-12-01,debt_consolidation,60,Individual
68466961,28000.0,2015-12-01,debt_consolidation,36,Individual
68354783,9600.0,2015-12-01,credit_card,36,Individual
68466916,25000.0,2015-12-01,debt_consolidation,36,Individual
68577849,18000.0,2015-12-01,debt_consolidation,60,Individual
68506798,23000.0,2015-12-01,credit_card,60,Individual
68495092,8650.0,2015-12-01,debt_consolidation,36,Individual
68566886,29900.0,2015-12-01,debt_consolidation,60,Individual
68009401,16000.0,2015-12-01,credit_card,60,Individual
68476702,28000.0,2015-12-01,debt_consolidation,36,Individual
68436666,5000.0,2015-12-01,credit_card,36,Individual
68476715,6000.0,2015-12-01,debt_consolidation,36,Individual
67849662,4225.0,2015-12-01,debt_consolidation,36,Individual
68596180,20000.0,2015-12-01,debt_consolidation,36,Individual
68526907,16000.0,2015-12-01,debt_consolidation,60,Individual
68607141,17600.0,2015-12-01,credit_card,36,Individual
68526883,15000.0,2015-12-01,home_improvement,36,Individual
67715283,16000.0,2015-12-01,small_business,36,Individual
68341789,24250.0,2015-12-01,debt_consolidation,60,Individual
68533595,12000.0,2015-12-01,debt_consolidation,36,Individual
68415473,25000.0,2015-12-01,debt_consolidation,60,Individual
68537655,16800.0,2015-12-01,debt_consolidation,60,Individual
68446769,7000.0,2015-12-01,credit_card,36,Individual
68367011,21000.0,2015-12-01,credit_card,60,Individual
68407301,27500.0,2015-12-01,other,60,Individual
68356614,7200.0,2015-12-01,home_improvement,36,Individual
68426865,20000.0,2015-12-01,credit_card,36,Individual
68476676,20000.0,2015-12-01,house,36,Individual
68566951,10000.0,2015-12-01,credit_card,60,Individual
68615044,16000.0,2015-12-01,debt_consolidation,60,Individual
68527009,20000.0,2015-12-01,debt_consolidation,36,Individual
68547583,8650.0,2015-12-01,credit_card,36,Individual
68587709,21000.0,2015-12-01,debt_consolidation,60,Individual
68446771,7200.0,2015-12-01,debt_consolidation,36,Individual
66796130,8800.0,2015-12-01,credit_card,36,Individual
68617034,14650.0,2015-12-01,debt_consolidation,60,Individual
68387134,2500.0,2015-12-01,other,36,Individual
68566925,11000.0,2015-12-01,credit_card,36,Individual
68516838,23850.0,2015-12-01,debt_consolidation,60,Individual
68476697,15700.0,2015-12-01,credit_card,60,Individual
68566856,28800.0,2015-12-01,debt_consolidation,60,Individual
68543413,10000.0,2015-12-01,house,36,Individual
68366663,24000.0,2015-12-01,home_improvement,60,Individual
68416916,28000.0,2015-12-01,debt_consolidation,60,Individual
68444620,35000.0,2015-12-01,home_improvement,60,Individual
68082535,7200.0,2015-12-01,debt_consolidation,36,Individual
68466995,10000.0,2015-12-01,credit_card,36,Individual
68584507,16000.0,2015-12-01,credit_card,60,Individual
68466924,21875.0,2015-12-01,credit_card,36,Individual
68367009,14025.0,2015-12-01,debt_consolidation,60,Individual
68475450,35000.0,2015-12-01,debt_consolidation,60,Individual
68525943,20000.0,2015-12-01,debt_consolidation,36,Individual
68340446,14000.0,2015-12-01,debt_consolidation,60,Individual
68615169,16000.0,2015-12-01,credit_card,60,Individual
68397043,28000.0,2015-12-01,debt_consolidation,60,Individual
68506862,20000.0,2015-12-01,debt_consolidation,60,Individual
68341799,17600.0,2015-12-01,credit_card,60,Individual
68487261,4200.0,2015-12-01,debt_consolidation,36,Individual
68597047,19000.0,2015-12-01,credit_card,60,Individual
68366999,15850.0,2015-12-01,debt_consolidation,60,Individual
68506885,10000.0,2015-12-01,debt_consolidation,60,Individual
68394562,30000.0,2015-12-01,home_improvement,36,Individual
68416953,1500.0,2015-12-01,vacation,36,Individual
68587652,25000.0,2015-12-01,credit_card,36,Individual
68407333,16250.0,2015-12-01,debt_consolidation,60,Individual
68466066,20200.0,2015-12-01,debt_consolidation,60,Individual
68436934,23975.0,2015-12-01,credit_card,60,Individual
68617057,15000.0,2015-12-01,debt_consolidation,60,Individual
68536799,10000.0,2015-12-01,debt_consolidation,36,Individual
68357012,15000.0,2015-12-01,credit_card,36,Individual
68376217,23100.0,2015-12-01,car,60,Individual
68526942,27300.0,2015-12-01,home_improvement,36,Individual
68396080,25000.0,2015-12-01,credit_card,60,Individual
68385794,15000.0,2015-12-01,credit_card,36,Individual
68374676,10000.0,2015-12-01,debt_consolidation,60,Individual
68547679,18500.0,2015-12-01,debt_consolidation,60,Individual
68537594,5000.0,2015-12-01,credit_card,36,Individual
68565856,9000.0,2015-12-01,debt_consolidation,36,Individual
68367006,11000.0,2015-12-01,credit_card,36,Individual
68426699,20000.0,2015-12-01,debt_consolidation,36,Individual
68377020,15000.0,2015-12-01,debt_consolidation,36,Individual
68446746,12000.0,2015-12-01,debt_consolidation,36,Individual
68537564,8000.0,2015-12-01,debt_consolidation,36,Individual
68446784,12000.0,2015-12-01,credit_card,36,Individual
68376533,18000.0,2015-12-01,debt_consolidation,36,Individual
68476714,3600.0,2015-12-01,debt_consolidation,36,Individual
66615254,7200.0,2015-12-01,debt_consolidation,36,Individual
