loan_id,funded_amnt,funded_amnt_inv,int_rate,installment,grade,sub_grade,initial_list_status
68407277,3600.0,3600.0,13.99,123.03,C,C4,w
68355089,24700.0,24700.0,11.99,820.28,C,C1,w
68341763,20000.0,20000.0,10.78,432.66,B,B4,w
66310712,35000.0,35000.0,14.85,829.9,C,C5,w
68476807,10400.0,10400.0,22.45,289.91,F,F1,w
68426831,11950.0,11950.0,13.44,405.18,C,C3,w
68476668,20000.0,20000.0,9.17,637.58,B,B2,f
67275481,20000.0,20000.0,8.49,631.26,B,B1,w
68466926,10000.0,10000.0,6.49,306.45,A,A2,w
68616873,8000.0,8000.0,11.48,263.74,B,B5,w
68356421,22400.0,22400.0,12.88,508.3,C,C2,w
68426545,16000.0,16000.0,12.88,363.07,C,C2,w
68338832,1400.0,1400.0,12.88,47.1,C,C2,w
66624733,18000.0,18000.0,19.48,471.7,E,E2,w
68466961,28000.0,28000.0,6.49,858.05,A,A2,w
68354783,9600.0,9600.0,7.49,298.58,A,A4,w
68466916,25000.0,25000.0,7.49,777.55,A,A4,w
68577849,18000.0,18000.0,11.99,400.31,C,C1,w
68506798,23000.0,23000.0,8.49,471.77,B,B1,w
68495092,8650.0,8650.0,19.89,320.99,E,E3,w
68566886,29900.0,29900.0,12.88,678.49,C,C2,w
68009401,16000.0,16000.0,14.85,379.39,C,C5,w
68476702,28000.0,28000.0,13.44,949.38,C,C3,w
68436666,5000.0,5000.0,13.44,169.54,C,C3,w
68476715,6000.0,6000.0,7.49,186.61,A,A4,w
67849662,4225.0,4225.0,14.85,146.16,C,C5,w
68596180,20000.0,20000.0,5.32,602.3,A,A1,w
68526907,16000.0,16000.0,17.97,406.04,D,D4,w
68607141,17600.0,17600.0,5.32,530.03,A,A1,w
68526883,15000.0,15000.0,5.32,451.73,A,A1,w
67715283,16000.0,16000.0,12.88,538.18,C,C2,w
68341789,24250.0,24250.0,24.24,701.01,F,F3,w
68533595,12000.0,12000.0,10.78,391.62,B,B4,w
68415473,25000.0,25000.0,13.99,581.58,C,C4,w
68537655,16800.0,16800.0,12.88,381.23,C,C2,w
68446769,7000.0,7000.0,7.49,217.72,A,A4,w
68367011,21000.0,21000.0,13.99,488.53,C,C4,w
68407301,27500.0,27500.0,14.85,652.06,C,C5,w
68356614,7200.0,7200.0,11.48,237.36,B,B5,w
68426865,20000.0,20000.0,14.85,691.84,C,C5,w
68476676,20000.0,20000.0,15.77,700.88,D,D1,w
68566951,10000.0,10000.0,17.97,253.78,D,D4,w
68615044,16000.0,16000.0,13.99,372.21,C,C4,w
68527009,20000.0,20000.0,9.8,643.47,B,B3,w
68547583,8650.0,8650.0,5.32,260.5,A,A1,w
68587709,21000.0,21000.0,13.44,482.56,C,C3,w
68446771,7200.0,7200.0,15.77,252.32,D,D1,w
66796130,8800.0,8800.0,9.8,283.13,B,B3,w
68617034,14650.0,14650.0,20.5,392.23,E,E4,w
68387134,2500.0,2500.0,17.27,89.47,D,D3,w
68566925,11000.0,11000.0,9.17,350.67,B,B2,w
68516838,23850.0,23850.0,17.27,596.21,D,D3,f
68476697,15700.0,15700.0,16.59,386.74,D,D2,w
68566856,28800.0,28800.0,11.99,640.5,C,C1,w
68543413,10000.0,10000.0,12.88,336.37,C,C2,f
68366663,24000.0,24000.0,9.8,507.58,B,B3,w
68416916,28000.0,28000.0,18.49,718.51,D,D5,w
68444620,35000.0,35000.0,11.99,778.38,C,C1,w
68082535,7200.0,7200.0,9.17,229.53,B,B2,w
68466995,10000.0,10000.0,7.91,312.95,A,A5,w
68584507,16000.0,16000.0,13.44,367.67,C,C3,w
68466924,21875.0,21875.0,11.99,726.46,C,C1,w
68367009,14025.0,14025.0,18.49,359.9,D,D5,w
68475450,35000.0,35000.0,12.88,794.21,C,C2,w
68525943,20000.0,20000.0,12.88,672.73,C,C2,w
68340446,14000.0,14000.0,14.85,331.96,C,C5,w
68615169,16000.0,16000.0,8.49,328.19,B,B1,w
68397043,28000.0,28000.0,14.85,663.92,C,C5,w
68506862,20000.0,20000.0,13.99,465.27,C,C4,w
68341799,17600.0,17600.0,19.89,465.22,E,E3,w
68487261,4200.0,4200.0,13.44,142.41,C,C3,w
68597047,19000.0,19000.0,14.85,450.52,C,C5,w
68366999,15850.0,15850.0,23.13,448.01,F,F2,f
68506885,10000.0,10000.0,11.99,222.4,C,C1,w
68394562,30000.0,30000.0,15.77,1051.31,D,D1,w
68416953,1500.0,1500.0,6.49,45.97,A,A2,w
68587652,25000.0,25000.0,5.32,752.87,A,A1,w
68407333,16250.0,16250.0,13.44,373.41,C,C3,w
68466066,20200.0,20200.0,18.49,518.35,D,D5,w
68436934,23975.0,23975.0,19.89,633.73,E,E3,w
68617057,15000.0,15000.0,10.78,324.5,B,B4,w
68536799,10000.0,10000.0,10.78,326.35,B,B4,w
68357012,15000.0,15000.0,8.49,473.45,B,B1,w
68376217,23100.0,23100.0,20.5,618.46,E,E4,w
68526942,27300.0,27300.0,17.27,977.0,D,D3,w
68396080,25000.0,25000.0,11.48,549.57,B,B5,w
68385794,15000.0,15000.0,10.78,489.52,B,B4,w
68374676,10000.0,10000.0,16.59,246.33,D,D2,w
68547679,18500.0,18500.0,12.88,419.8,C,C2,w
68537594,5000.0,5000.0,7.91,156.48,A,A5,w
68565856,9000.0,9000.0,9.17,286.92,B,B2,w
68367006,11000.0,11000.0,6.49,337.09,A,A2,w
68426699,20000.0,20000.0,6.49,612.89,A,A2,w
68377020,15000.0,15000.0,5.32,451.73,A,A1,w
68446746,12000.0,12000.0,5.32,361.38,A,A1,w
68537564,8000.0,8000.0,10.78,261.08,B,B4,w
68446784,12000.0,12000.0,10.78,391.62,B,B4,w
68376533,18000.0,18000.0,7.49,559.83,A,A4,w
68476714,3600.0,3600.0,11.48,118.68,B,B5,w
66615254,7200.0,7200.0,17.27,257.67,D,D3,w
