feature_name,policy_class,pandas_dtype,is_numeric,is_categorical,is_datetime_like,missing_count,missing_rate,unique_count,cardinality_concern,intended_preprocessing,used_in_baseline,exclusion_reason
loan_amnt,APPLICATION_TIME,float64,True,False,False,0,0.0,1529,False,median imputation + StandardScaler,True,
issue_d,APPLICATION_TIME,datetime64[ns],False,False,True,0,0.0,138,False,excluded: use deterministic engineered date features,False,Raw issue date is not one-hot encoded; issue_year/issue_quarter/issue_month are the deterministic application-time representation.
purpose,APPLICATION_TIME,string,False,True,False,0,0.0,14,False,most_frequent imputation + OneHotEncoder(handle_unknown='ignore'),True,
term_months,APPLICATION_TIME,Int64,True,False,False,0,0.0,2,False,median imputation + StandardScaler,True,
application_type,APPLICATION_TIME,string,False,True,False,0,0.0,2,False,most_frequent imputation + OneHotEncoder(handle_unknown='ignore'),True,
emp_length,APPLICATION_TIME,string,False,True,False,47049,0.0582859478945999,11,False,most_frequent imputation + OneHotEncoder(handle_unknown='ignore'),True,
emp_length_years,APPLICATION_TIME,Float64,True,False,False,47049,0.0582859478945999,11,False,median imputation + StandardScaler,True,
home_ownership,APPLICATION_TIME,string,False,True,False,0,0.0,6,False,most_frequent imputation + OneHotEncoder(handle_unknown='ignore'),True,
annual_inc,APPLICATION_TIME,float64,True,False,False,0,0.0,45194,False,median imputation + StandardScaler,True,
verification_status,APPLICATION_TIME,string,False,True,False,0,0.0,3,False,most_frequent imputation + OneHotEncoder(handle_unknown='ignore'),True,
annual_inc_joint,APPLICATION_TIME,float64,True,False,False,791643,0.9807150555617498,3437,False,median imputation + StandardScaler,True,
verification_status_joint,APPLICATION_TIME,string,False,True,False,791772,0.9808748652766938,3,False,most_frequent imputation + OneHotEncoder(handle_unknown='ignore'),True,
dti,CREDIT_SNAPSHOT,float64,True,False,False,229,0.0002836932149007,6290,False,median imputation + StandardScaler,True,
dti_joint,CREDIT_SNAPSHOT,float64,True,False,False,791646,0.9807187720667484,3368,False,median imputation + StandardScaler,True,
delinq_2yrs,CREDIT_SNAPSHOT,float64,True,False,False,0,0.0,30,False,median imputation + StandardScaler,True,
earliest_cr_line,CREDIT_SNAPSHOT,datetime64[ns],False,False,True,0,0.0,717,False,excluded: use deterministic engineered date features,False,Raw credit-history date is not one-hot encoded; credit_history_months is the deterministic numeric representation.
fico_range_low,CREDIT_SNAPSHOT,float64,True,False,False,0,0.0,40,False,median imputation + StandardScaler,True,
fico_range_high,CREDIT_SNAPSHOT,float64,True,False,False,0,0.0,40,False,median imputation + StandardScaler,True,
inq_last_6mths,CREDIT_SNAPSHOT,float64,True,False,False,1,1.2388349995664077e-06,9,False,median imputation + StandardScaler,True,
mths_since_last_delinq,CREDIT_SNAPSHOT,float64,True,False,False,407379,0.5046753632883636,153,False,median imputation + StandardScaler,True,
mths_since_last_record,CREDIT_SNAPSHOT,float64,True,False,False,670216,0.8302870380693995,125,False,median imputation + StandardScaler,True,
open_acc,CREDIT_SNAPSHOT,float64,True,False,False,0,0.0,80,False,median imputation + StandardScaler,True,
pub_rec,CREDIT_SNAPSHOT,float64,True,False,False,0,0.0,30,False,median imputation + StandardScaler,True,
revol_bal,CREDIT_SNAPSHOT,float64,True,False,False,0,0.0,71416,False,median imputation + StandardScaler,True,
revol_util,CREDIT_SNAPSHOT,Float64,True,False,False,529,0.0006553437147706,1270,False,median imputation + StandardScaler,True,
total_acc,CREDIT_SNAPSHOT,float64,True,False,False,0,0.0,134,False,median imputation + StandardScaler,True,
collections_12_mths_ex_med,CREDIT_SNAPSHOT,float64,True,False,False,39,4.83145649830899e-05,13,False,median imputation + StandardScaler,True,
mths_since_last_major_derog,CREDIT_SNAPSHOT,float64,True,False,False,595030,0.7371439897919996,164,False,median imputation + StandardScaler,True,
acc_now_delinq,CREDIT_SNAPSHOT,float64,True,False,False,0,0.0,8,False,median imputation + StandardScaler,True,
tot_coll_amt,CREDIT_SNAPSHOT,float64,True,False,False,40628,0.050331388362384,10247,False,median imputation + StandardScaler,True,
tot_cur_bal,CREDIT_SNAPSHOT,float64,True,False,False,40628,0.050331388362384,319824,False,median imputation + StandardScaler,True,
open_acc_6m,CREDIT_SNAPSHOT,float64,True,False,False,484459,0.6001647650549423,18,False,median imputation + StandardScaler,True,
open_act_il,CREDIT_SNAPSHOT,float64,True,False,False,484458,0.6001635262199427,46,False,median imputation + StandardScaler,True,
open_il_12m,CREDIT_SNAPSHOT,float64,True,False,False,484458,0.6001635262199427,17,False,median imputation + StandardScaler,True,
open_il_24m,CREDIT_SNAPSHOT,float64,True,False,False,484458,0.6001635262199427,29,False,median imputation + StandardScaler,True,
mths_since_rcnt_il,CREDIT_SNAPSHOT,float64,True,False,False,493055,0.6108137907112152,319,False,median imputation + StandardScaler,True,
total_bal_il,CREDIT_SNAPSHOT,float64,True,False,False,484458,0.6001635262199427,98375,False,median imputation + StandardScaler,True,
il_util,CREDIT_SNAPSHOT,float64,True,False,False,527866,0.6539388758811214,222,False,median imputation + StandardScaler,True,
open_rv_12m,CREDIT_SNAPSHOT,float64,True,False,False,484458,0.6001635262199427,27,False,median imputation + StandardScaler,True,
open_rv_24m,CREDIT_SNAPSHOT,float64,True,False,False,484458,0.6001635262199427,45,False,median imputation + StandardScaler,True,
max_bal_bc,CREDIT_SNAPSHOT,float64,True,False,False,484458,0.6001635262199427,24592,False,median imputation + StandardScaler,True,
all_util,CREDIT_SNAPSHOT,float64,True,False,False,484490,0.6002031689399289,164,False,median imputation + StandardScaler,True,
total_rev_hi_lim,CREDIT_SNAPSHOT,float64,True,False,False,40628,0.050331388362384,18747,False,median imputation + StandardScaler,True,
inq_fi,CREDIT_SNAPSHOT,float64,True,False,False,484458,0.6001635262199427,29,False,median imputation + StandardScaler,True,
total_cu_tl,CREDIT_SNAPSHOT,float64,True,False,False,484459,0.6001647650549423,47,False,median imputation + StandardScaler,True,
inq_last_12m,CREDIT_SNAPSHOT,float64,True,False,False,484459,0.6001647650549423,41,False,median imputation + StandardScaler,True,
acc_open_past_24mths,CREDIT_SNAPSHOT,float64,True,False,False,28448,0.0352423780676651,54,False,median imputation + StandardScaler,True,
avg_cur_bal,CREDIT_SNAPSHOT,float64,True,False,False,40641,0.0503474932173783,67394,False,median imputation + StandardScaler,True,
bc_open_to_buy,CREDIT_SNAPSHOT,float64,True,False,False,36786,0.0455717842940498,64445,False,median imputation + StandardScaler,True,
bc_util,CREDIT_SNAPSHOT,float64,True,False,False,37262,0.0461614697538434,1378,False,median imputation + StandardScaler,True,
chargeoff_within_12_mths,CREDIT_SNAPSHOT,float64,True,False,False,39,4.83145649830899e-05,10,False,median imputation + StandardScaler,True,
delinq_amnt,CREDIT_SNAPSHOT,float64,True,False,False,0,0.0,1391,False,median imputation + StandardScaler,True,
mo_sin_old_il_acct,CREDIT_SNAPSHOT,float64,True,False,False,63446,0.0785991253824903,503,False,median imputation + StandardScaler,True,
mo_sin_old_rev_tl_op,CREDIT_SNAPSHOT,float64,True,False,False,40629,0.0503326271973835,737,False,median imputation + StandardScaler,True,
mo_sin_rcnt_rev_tl_op,CREDIT_SNAPSHOT,float64,True,False,False,40629,0.0503326271973835,265,False,median imputation + StandardScaler,True,
mo_sin_rcnt_tl,CREDIT_SNAPSHOT,float64,True,False,False,40628,0.050331388362384,178,False,median imputation + StandardScaler,True,
mort_acc,CREDIT_SNAPSHOT,float64,True,False,False,28448,0.0352423780676651,37,False,median imputation + StandardScaler,True,
mths_since_recent_bc,CREDIT_SNAPSHOT,float64,True,False,False,36228,0.0448805143642918,451,False,median imputation + StandardScaler,True,
mths_since_recent_bc_dlq,CREDIT_SNAPSHOT,float64,True,False,False,616317,0.7635150704277697,155,False,median imputation + StandardScaler,True,
mths_since_recent_inq,CREDIT_SNAPSHOT,float64,True,False,False,104286,0.1291931467647823,26,False,median imputation + StandardScaler,True,
mths_since_recent_revol_delinq,CREDIT_SNAPSHOT,float64,True,False,False,537848,0.6663049268467933,156,False,median imputation + StandardScaler,True,
num_accts_ever_120_pd,CREDIT_SNAPSHOT,float64,True,False,False,40628,0.050331388362384,38,False,median imputation + StandardScaler,True,
num_actv_bc_tl,CREDIT_SNAPSHOT,float64,True,False,False,40628,0.050331388362384,32,False,median imputation + StandardScaler,True,
num_actv_rev_tl,CREDIT_SNAPSHOT,float64,True,False,False,40628,0.050331388362384,48,False,median imputation + StandardScaler,True,
num_bc_sats,CREDIT_SNAPSHOT,float64,True,False,False,33565,0.0415814967604464,47,False,median imputation + StandardScaler,True,
num_bc_tl,CREDIT_SNAPSHOT,float64,True,False,False,40628,0.050331388362384,62,False,median imputation + StandardScaler,True,
num_il_tl,CREDIT_SNAPSHOT,float64,True,False,False,40628,0.050331388362384,110,False,median imputation + StandardScaler,True,
num_op_rev_tl,CREDIT_SNAPSHOT,float64,True,False,False,40628,0.050331388362384,70,False,median imputation + StandardScaler,True,
num_rev_accts,CREDIT_SNAPSHOT,float64,True,False,False,40629,0.0503326271973835,103,False,median imputation + StandardScaler,True,
num_rev_tl_bal_gt_0,CREDIT_SNAPSHOT,float64,True,False,False,40628,0.050331388362384,43,False,median imputation + StandardScaler,True,
num_sats,CREDIT_SNAPSHOT,float64,True,False,False,33565,0.0415814967604464,79,False,median imputation + StandardScaler,True,
num_tl_120dpd_2m,CREDIT_SNAPSHOT,float64,True,False,False,70667,0.0875447529143593,5,False,median imputation + StandardScaler,True,
num_tl_30dpd,CREDIT_SNAPSHOT,float64,True,False,False,40628,0.050331388362384,5,False,median imputation + StandardScaler,True,
num_tl_90g_dpd_24m,CREDIT_SNAPSHOT,float64,True,False,False,40628,0.050331388362384,29,False,median imputation + StandardScaler,True,
num_tl_op_past_12m,CREDIT_SNAPSHOT,float64,True,False,False,40628,0.050331388362384,29,False,median imputation + StandardScaler,True,
pct_tl_nvr_dlq,CREDIT_SNAPSHOT,float64,True,False,False,40721,0.0504466000173436,598,False,median imputation + StandardScaler,True,
percent_bc_gt_75,CREDIT_SNAPSHOT,float64,True,False,False,37040,0.0458864483839397,227,False,median imputation + StandardScaler,True,
pub_rec_bankruptcies,CREDIT_SNAPSHOT,float64,True,False,False,419,0.0005190718648183,10,False,median imputation + StandardScaler,True,
tax_liens,CREDIT_SNAPSHOT,float64,True,False,False,26,3.22097099887266e-05,31,False,median imputation + StandardScaler,True,
tot_hi_cred_lim,CREDIT_SNAPSHOT,float64,True,False,False,40628,0.050331388362384,336853,False,median imputation + StandardScaler,True,
total_bal_ex_mort,CREDIT_SNAPSHOT,float64,True,False,False,28448,0.0352423780676651,153096,False,median imputation + StandardScaler,True,
total_bc_limit,CREDIT_SNAPSHOT,float64,True,False,False,28448,0.0352423780676651,11927,False,median imputation + StandardScaler,True,
total_il_high_credit_limit,CREDIT_SNAPSHOT,float64,True,False,False,40628,0.050331388362384,139779,False,median imputation + StandardScaler,True,
revol_bal_joint,CREDIT_SNAPSHOT,float64,True,False,False,795961,0.9860643450898776,10282,False,median imputation + StandardScaler,True,
sec_app_fico_range_low,CREDIT_SNAPSHOT,float64,True,False,False,795961,0.9860643450898776,59,False,median imputation + StandardScaler,True,
sec_app_fico_range_high,CREDIT_SNAPSHOT,float64,True,False,False,795961,0.9860643450898776,59,False,median imputation + StandardScaler,True,
sec_app_earliest_cr_line,CREDIT_SNAPSHOT,datetime64[ns],False,False,True,795961,0.9860643450898776,528,False,excluded: use deterministic engineered date features,False,Raw secondary-applicant date is not one-hot encoded because it is date-like and sparsely observed; no post-loan information is added.
sec_app_inq_last_6mths,CREDIT_SNAPSHOT,float64,True,False,False,795961,0.9860643450898776,7,False,median imputation + StandardScaler,True,
sec_app_mort_acc,CREDIT_SNAPSHOT,float64,True,False,False,795961,0.9860643450898776,18,False,median imputation + StandardScaler,True,
sec_app_open_acc,CREDIT_SNAPSHOT,float64,True,False,False,795961,0.9860643450898776,50,False,median imputation + StandardScaler,True,
sec_app_revol_util,CREDIT_SNAPSHOT,float64,True,False,False,796151,0.9862997237397952,1078,False,median imputation + StandardScaler,True,
sec_app_open_act_il,CREDIT_SNAPSHOT,float64,True,False,False,795961,0.9860643450898776,32,False,median imputation + StandardScaler,True,
sec_app_num_rev_accts,CREDIT_SNAPSHOT,float64,True,False,False,795961,0.9860643450898776,64,False,median imputation + StandardScaler,True,
sec_app_chargeoff_within_12_mths,CREDIT_SNAPSHOT,float64,True,False,False,795961,0.9860643450898776,14,False,median imputation + StandardScaler,True,
sec_app_collections_12_mths_ex_med,CREDIT_SNAPSHOT,float64,True,False,False,795961,0.9860643450898776,11,False,median imputation + StandardScaler,True,
sec_app_mths_since_last_major_derog,CREDIT_SNAPSHOT,float64,True,False,False,803255,0.9951004075767148,107,False,median imputation + StandardScaler,True,
fico_avg,CREDIT_SNAPSHOT,float64,True,False,False,0,0.0,40,False,median imputation + StandardScaler,True,
loan_to_income_ratio,APPLICATION_TIME,float64,True,False,False,220,0.0002725436999046,110431,False,median imputation + StandardScaler,True,
credit_history_months,CREDIT_SNAPSHOT,Float64,True,False,False,0,0.0,708,False,median imputation + StandardScaler,True,
issue_year,APPLICATION_TIME,Int64,True,False,False,0,0.0,12,False,median imputation + StandardScaler,True,
