requested_amount,application_date,loan_title,risk_score,dti,zip_code,state_code,emp_length_years,policy_code,country
1000.0,2007-05-26,Wedding Covered but No Honeymoon,693.0,10.0,481xx,NM,4.0,0.0,United States
1000.0,2007-05-26,Consolidating Debt,703.0,10.0,010xx,MA,0.5,0.0,United States
11000.0,2007-05-27,Want to consolidate my debt,715.0,10.0,212xx,MD,1.0,0.0,United States
6000.0,2007-05-27,waksman,698.0,38.64,017xx,MA,0.5,0.0,United States
1500.0,2007-05-27,mdrigo,509.0,9.43,209xx,MD,0.5,0.0,United States
15000.0,2007-05-27,Trinfiniti,645.0,0.0,105xx,NY,3.0,0.0,United States
10000.0,2007-05-27,NOTIFYi Inc,693.0,10.0,210xx,MD,0.5,0.0,United States
3900.0,2007-05-27,For Justin.,700.0,10.0,469xx,IN,2.0,0.0,United States
3000.0,2007-05-28,title?,694.0,10.0,808xx,CO,4.0,0.0,United States
2500.0,2007-05-28,timgerst,573.0,11.76,407xx,KY,4.0,0.0,United States
3900.0,2007-05-28,need to consolidate,710.0,10.0,705xx,LA,10.0,0.0,United States
1000.0,2007-05-28,sixstrings,680.0,10.0,424xx,KY,1.0,0.0,United States
3000.0,2007-05-28,bmoore5110,688.0,10.0,190xx,PA,0.5,0.0,United States
1500.0,2007-05-28,MHarkins,704.0,10.0,189xx,PA,3.0,0.0,United States
1000.0,2007-05-28,Moving,694.0,10.0,354xx,AL,0.5,0.0,United States
8000.0,2007-05-28,Recent College Grad Wants to Pay Off CCs,708.0,10.0,374xx,TN,0.5,0.0,United States
12000.0,2007-05-29,FoundersCafe.com,685.0,10.0,770xx,TX,3.0,0.0,United States
1000.0,2007-05-29,UChicago2004,698.0,10.0,207xx,MD,3.0,0.0,United States
15000.0,2007-05-29,Cancer is Killing My Credit,680.0,10.0,432xx,OH,0.5,0.0,United States
5000.0,2007-05-29,2006-2007 College Debt Loan,680.0,10.0,011xx,MA,0.5,0.0,United States
15000.0,2007-05-29,twbmc,712.0,10.0,773xx,TX,0.5,0.0,United States
5000.0,2007-05-29,Bills & Vacation,704.0,10.0,212xx,MD,1.0,0.0,United States
4950.0,2007-05-29,Vehicle Purchase/Used Auto,693.0,10.0,220xx,VA,2.0,0.0,United States
6100.0,2007-05-29,thejanman,684.0,24.69,453xx,OH,2.0,0.0,United States
12000.0,2007-05-29,Finish Off College,704.0,10.0,462xx,IN,2.0,0.0,United States
25000.0,2007-05-29,Phuocpnn,686.0,10.0,631xx,MO,0.5,0.0,United States
15000.0,2007-05-29,Established borrower consolodating debt,698.0,15.56,559xx,MN,0.5,0.0,United States
5000.0,2007-05-29,mainmanandy,719.0,10.0,457xx,OH,0.5,0.0,United States
10000.0,2007-05-30,Jaguar10301,602.0,2.25,221xx,VA,0.5,0.0,United States
10000.0,2007-05-30,rpinho78,475.0,21.77,061xx,CT,0.5,0.0,United States
1000.0,2007-05-30,ashtru,695.0,0.0,443xx,OH,0.5,0.0,United States
4000.0,2007-05-30,sparks,671.0,36.8,630xx,MO,0.5,0.0,United States
7000.0,2007-05-30,big fat lender,638.0,17.73,941xx,CA,0.5,0.0,United States
25000.0,2007-05-30,toeeeekne,671.0,4.5,483xx,FL,2.0,0.0,United States
1000.0,2007-05-30,stnthoma22,429.0,15.92,462xx,IN,2.0,0.0,United States
6500.0,2007-05-30,natbunn,632.0,12.98,773xx,TX,0.5,0.0,United States
2000.0,2007-05-30,SGearhart1381,579.0,32.64,658xx,MO,0.5,0.0,United States
15000.0,2007-05-30,2dozen,474.0,1.55,453xx,OH,4.0,0.0,United States
6000.0,2007-05-30,Good Heart Bad Credit!,463.0,12.34,953xx,CA,1.0,0.0,United States
2500.0,2007-05-31,mbcoon,593.0,18.43,790xx,TX,1.0,0.0,United States
12500.0,2007-05-31,boardwalk,578.0,31.82,775xx,TX,9.0,0.0,United States
3000.0,2007-05-31,danthe83,536.0,0.0,551xx,MN,0.5,0.0,United States
7500.0,2007-05-31,maryk2001,524.0,61.47,316xx,GA,5.0,0.0,United States
5000.0,2007-05-31,ppatti113,520.0,8.93,024xx,MA,1.0,0.0,United States
5000.0,2007-05-31,spidermonkey07,0.0,6.0,448xx,OH,0.5,0.0,United States
4000.0,2007-05-31,brock1jd,658.0,43.8,480xx,MN,0.5,0.0,United States
1000.0,2007-05-31,jprice1542,0.0,4.61,373xx,TN,0.5,0.0,United States
5000.0,2007-05-31,mashowar,492.0,15.73,474xx,IN,4.0,0.0,United States
1000.0,2007-05-31,jaynesweet,581.0,28.04,681xx,NE,2.0,0.0,United States
1000.0,2007-06-01,memorial,543.0,41.35,328xx,FL,2.0,0.0,United States
6025.0,2007-06-01,Fleurdetragedie,660.0,69.84,301xx,GA,2.0,0.0,United States
10000.0,2007-06-01,jfirson,503.0,61.07,668xx,KS,1.0,0.0,United States
3000.0,2007-06-01,cdc,556.0,20.91,786xx,TX,1.0,0.0,United States
10000.0,2007-06-01,katiemass,480.0,8.7,452xx,OH,1.0,0.0,United States
2100.0,2007-06-01,A clean sweep before buying a new house,684.0,10.0,208xx,MD,1.0,0.0,United States
5000.0,2007-06-01,kennysack,592.0,53.76,477xx,IN,0.5,0.0,United States
10000.0,2007-06-01,dreamerabove,600.0,3.84,021xx,MA,0.5,0.0,United States
1200.0,2007-06-01,jflack,524.0,0.0,720xx,AR,4.0,0.0,United States
4000.0,2007-06-01,ceodiva,460.0,0.0,302xx,GA,0.5,0.0,United States
15000.0,2007-06-01,joelforeman,654.0,27.48,328xx,FL,2.0,0.0,United States
1000.0,2007-06-01,auburnmk23,486.0,12.4,368xx,AL,0.5,0.0,United States
2500.0,2007-06-01,Scott Stowe,520.0,13.1,460xx,IN,1.0,0.0,United States
5000.0,2007-06-01,iamheatherleigh,0.0,0.0,405xx,KY,5.0,0.0,United States
2500.0,2007-06-01,Paying for college,547.0,29.16,331xx,FL,0.5,0.0,United States
1000.0,2007-06-01,alivrum,454.0,7.68,434xx,OH,0.5,0.0,United States
5000.0,2007-06-02,wbnd44,509.0,20.0,436xx,OH,1.0,0.0,United States
5000.0,2007-06-02,skyydogg,0.0,0.0,535xx,WI,1.0,0.0,United States
1500.0,2007-06-02,Svengar7,665.0,0.0,191xx,PA,0.5,0.0,United States
1000.0,2007-06-02,sopinksolovely,454.0,11.12,113xx,NY,2.0,0.0,United States
1000.0,2007-06-02,angelbabe,561.0,1.07,104xx,NY,0.5,0.0,United States
8000.0,2007-06-02,K9Genetics,565.0,11.67,852xx,AZ,1.0,0.0,United States
3500.0,2007-06-02,zminer,479.0,1.73,805xx,CO,0.5,0.0,United States
2500.0,2007-06-02,moecheeks21,444.0,0.0,674xx,KS,0.5,0.0,United States
25000.0,2007-06-02,Lilly,549.0,20.06,852xx,AZ,4.0,0.0,United States
4500.0,2007-06-02,QuisyFBaby,599.0,16.8,212xx,MD,0.5,0.0,United States
2000.0,2007-06-03,thesassaman,650.0,0.0,980xx,WA,0.5,0.0,United States
10000.0,2007-06-03,regan117,607.0,23.1,182xx,PA,1.0,0.0,United States
3500.0,2007-06-03,manx203,0.0,0.0,151xx,PA,0.5,0.0,United States
5000.0,2007-06-03,eswist,419.0,3.48,773xx,TX,1.0,0.0,United States
11000.0,2007-06-03,Consolidate Prosper,758.0,37.3,972xx,OR,1.0,0.0,United States
1500.0,2007-06-03,matt12amazing,504.0,27.45,660xx,KS,0.5,0.0,United States
1500.0,2007-06-04,dEs,711.0,58.8,303xx,GA,1.0,0.0,United States
1000.0,2007-06-04,I'm trying to repair my credit by paying off some old debts.,530.0,8.51,722xx,AR,0.5,0.0,United States
7000.0,2007-06-04,jd2427,473.0,23.96,300xx,GA,0.5,0.0,United States
25000.0,2007-06-04,Annieb6283,606.0,4.9,191xx,PA,0.5,0.0,United States
10000.0,2007-06-04,LenaPresley,502.0,0.0,282xx,NC,0.5,0.0,United States
4000.0,2007-06-04,bhissam,497.0,9.87,261xx,WV,1.0,0.0,United States
2500.0,2007-06-04,Jonelle's Study Abroad,709.0,10.0,112xx,NY,0.5,0.0,United States
3000.0,2007-06-04,belle54304,412.0,20.01,543xx,WI,1.0,0.0,United States
1000.0,2007-06-04,KB143,506.0,13.01,372xx,TN,3.0,0.0,United States
7500.0,2007-06-04,fsallustio,472.0,14.36,021xx,MA,7.0,0.0,United States
2000.0,2007-06-04,mlishuslymotvatd,507.0,0.0,137xx,NY,0.5,0.0,United States
1000.0,2007-06-04,Gballgamer,567.0,16.58,805xx,CO,0.5,0.0,United States
1100.0,2007-06-04,MATTHEW,551.0,0.72,334xx,FL,4.0,0.0,United States
3000.0,2007-06-04,saxman6160,0.0,4.05,800xx,CO,0.5,0.0,United States
1000.0,2007-06-05,queenlurline,0.0,0.86,846xx,UT,0.5,0.0,United States
7000.0,2007-06-05,chrisw1025,607.0,39.79,278xx,NC,2.0,0.0,United States
1000.0,2007-06-05,ErikBell,0.0,6.55,800xx,CO,4.0,0.0,United States
5000.0,2007-06-05,baileykearns,552.0,1.6,450xx,OH,2.0,0.0,United States
1300.0,2007-06-05,kimbbarr,643.0,22.5,085xx,NJ,2.0,0.0,United States
