loan_id,target,split
29293692,0,train
55451165,0,train
6655111,0,train
56131671,1,train
81484078,0,train
60911104,0,train
43709399,0,train
508337,0,train
7069644,0,train
93951103,0,train
56091063,0,train
7926808,0,train
91207573,0,train
113162292,1,train
5365132,0,train
50519025,0,train
34313147,0,train
94062162,0,train
73834836,0,train
59471842,1,train
73733265,0,train
23473457,0,train
13008631,0,train
63425589,1,train
71429892,0,train
84112876,0,train
111104484,1,train
75577711,1,train
124451857,1,train
121442141,1,train
78149806,1,train
57990482,0,train
37098010,0,train
55101136,0,train
134292554,0,train
32399147,0,train
124045090,0,train
66462088,0,train
48060722,1,train
623324,0,train
65282405,1,train
48836494,0,train
71428902,0,train
1686474,0,train
4255415,0,train
67675957,0,train
41150369,0,train
96525873,0,train
10705793,0,train
67676068,1,train
14458762,0,train
5354649,1,train
8475178,0,train
21480755,0,train
1596705,0,train
8856102,0,train
67376664,0,train
1608743,0,train
70613083,1,train
101921371,0,train
35653776,0,train
1339921,0,train
40940719,0,train
14488531,0,train
1078823,0,train
98716048,0,train
46436870,0,train
60487010,0,train
84513635,1,train
1332176,0,train
1130904,0,train
71419477,0,train
6176569,1,train
72763601,0,train
95920487,0,train
78660897,0,train
871883,1,train
127386612,1,train
75858170,0,train
588902,0,train
109979041,0,train
68721157,0,train
55189013,1,train
32329376,0,train
1513285,0,train
72572347,1,train
113166482,1,train
78208432,0,train
59572124,0,train
116926534,1,train
53924399,1,train
46773710,0,train
120272685,0,train
114949280,0,train
128893227,0,train
643539,0,train
38587225,0,train
54304642,0,train
8126358,0,train
81546207,0,train
